trial_id,resilience_profile,chaos_scenario,trial_num,started_at_utc,ended_at_utc,status,error_message,gatling_request_count,gatling_ok_count,gatling_ko_count,gatling_error_rate,gatling_p50_ms,gatling_p95_ms,gatling_p99_ms,gatling_mean_response_ms,gatling_mean_requests_per_sec,prometheus_error_rate,peak_process_cpu_usage,peak_jvm_heap_used_bytes,cb_recovery_time_seconds,cb_was_open_during_trial,gatling_report_dir
none__service_termination__01,none,service_termination,1,2026-07-05T16:19:31.695825+00:00,2026-07-05T16:25:38.562753+00:00,ok,,697,0,697,1.0,25042.0,25078.0,25131.0,23477.0,1.96,1.0,0.3333333333333333,195035136.0,0.016526124999472813,False,/Users/pavan-work/Desktop/projects/dissertation-chaos/gatling/target/gatling/ordersimulation-20260705161946413
none__service_termination__02,none,service_termination,2,2026-07-05T16:25:48.570884+00:00,2026-07-05T16:31:51.047158+00:00,ok,,698,0,698,1.0,25035.0,25051.0,25077.0,23464.0,1.96,,0.014602215508559918,218103808.0,0.007111625000106869,False,/Users/pavan-work/Desktop/projects/dissertation-chaos/gatling/target/gatling/ordersimulation-20260705162554801
none__service_termination__03,none,service_termination,3,2026-07-05T16:32:01.053927+00:00,2026-07-05T16:38:03.128182+00:00,ok,,698,0,698,1.0,25029.0,25045.0,25075.0,23460.0,1.97,,0.02059266700150678,234881024.0,0.011389916000553058,False,/Users/pavan-work/Desktop/projects/dissertation-chaos/gatling/target/gatling/ordersimulation-20260705163206965
none__service_termination__04,none,service_termination,4,2026-07-05T16:38:13.134528+00:00,2026-07-05T16:44:14.277657+00:00,ok,,698,0,698,1.0,25026.0,25037.0,25067.0,23453.0,1.97,,0.021837349397590362,233832448.0,0.005761541999163455,False,/Users/pavan-work/Desktop/projects/dissertation-chaos/gatling/target/gatling/ordersimulation-20260705163818294
none__service_termination__05,none,service_termination,5,2026-07-05T16:44:24.284434+00:00,2026-07-05T16:50:26.105704+00:00,ok,,698,0,698,1.0,25027.0,25049.0,25073.0,23455.0,1.97,,0.015082956259426848,232783872.0,0.014543084000251838,False,/Users/pavan-work/Desktop/projects/dissertation-chaos/gatling/target/gatling/ordersimulation-20260705164430079
none__service_termination__06,none,service_termination,6,2026-07-05T16:50:36.117209+00:00,2026-07-05T18:27:58.809867+00:00,ok,,895,0,895,1.0,19997.0,25030.0,30055.0,18232.0,2.54,,0.025212386955330228,233832448.0,0.006650333998550195,False,/Users/pavan-work/Desktop/projects/dissertation-chaos/gatling/target/gatling/ordersimulation-20260705165041739
none__service_termination__07,none,service_termination,7,2026-07-05T18:28:08.823619+00:00,2026-07-05T19:28:19.453021+00:00,ok,,891,0,891,1.0,19971.0,25015.0,30020.0,18270.0,2.55,,0.13662085691188358,233832448.0,0.0072062910003296565,False,/Users/pavan-work/Desktop/projects/dissertation-chaos/gatling/target/gatling/ordersimulation-20260705182814234
none__service_termination__08,none,service_termination,8,2026-07-05T19:28:29.461627+00:00,2026-07-05T19:34:34.077208+00:00,ok,,698,0,698,1.0,25024.0,25043.0,25076.0,23452.0,1.97,,0.025113008538422906,233832448.0,0.008174083999620052,False,/Users/pavan-work/Desktop/projects/dissertation-chaos/gatling/target/gatling/ordersimulation-20260705192837104
none__service_termination__09,none,service_termination,9,2026-07-05T19:34:44.084243+00:00,2026-07-05T19:40:45.859557+00:00,ok,,698,0,698,1.0,25024.0,25037.0,25064.0,23451.0,1.97,,0.014657568865301998,233832448.0,0.008498750001308508,False,/Users/pavan-work/Desktop/projects/dissertation-chaos/gatling/target/gatling/ordersimulation-20260705193449820
none__service_termination__10,none,service_termination,10,2026-07-05T19:40:55.863163+00:00,2026-07-05T19:46:57.798714+00:00,ok,,698,0,698,1.0,25022.0,25035.0,25087.0,23452.0,1.97,,0.026091319618665326,243269632.0,0.007254792000821908,False,/Users/pavan-work/Desktop/projects/dissertation-chaos/gatling/target/gatling/ordersimulation-20260705194101813
none__service_termination__11,none,service_termination,11,2026-07-05T19:47:07.805706+00:00,2026-07-05T19:53:09.197724+00:00,ok,,698,0,698,1.0,25021.0,25037.0,25101.0,23450.0,1.97,,0.026810323227261335,244318208.0,0.009464083001148538,False,/Users/pavan-work/Desktop/projects/dissertation-chaos/gatling/target/gatling/ordersimulation-20260705194713226
none__service_termination__12,none,service_termination,12,2026-07-05T19:53:19.204651+00:00,2026-07-05T19:59:20.420174+00:00,ok,,700,0,700,1.0,25019.0,25030.0,25445.0,23380.0,1.97,,0.022904606091115026,244318208.0,0.008973500000138301,False,/Users/pavan-work/Desktop/projects/dissertation-chaos/gatling/target/gatling/ordersimulation-20260705195324420
none__service_termination__13,none,service_termination,13,2026-07-05T19:59:30.427380+00:00,2026-07-05T20:05:34.709983+00:00,ok,,699,0,699,1.0,25019.0,25039.0,25072.0,23417.0,1.97,,0.00680786686838124,245366784.0,0.011103333001301507,False,/Users/pavan-work/Desktop/projects/dissertation-chaos/gatling/target/gatling/ordersimulation-20260705195938622
none__service_termination__14,none,service_termination,14,2026-07-05T20:05:44.716939+00:00,2026-07-05T20:11:46.608710+00:00,ok,,698,0,698,1.0,25021.0,25039.0,25072.0,23449.0,1.97,,0.0473551637279597,242221056.0,0.010809499999595573,False,/Users/pavan-work/Desktop/projects/dissertation-chaos/gatling/target/gatling/ordersimulation-20260705200550489
none__service_termination__15,none,service_termination,15,2026-07-05T20:11:56.612150+00:00,2026-07-05T20:17:57.989865+00:00,ok,,699,0,699,1.0,25020.0,25034.0,25081.0,23414.0,1.97,,0.009282488710486704,245366784.0,0.0075725830010924255,False,/Users/pavan-work/Desktop/projects/dissertation-chaos/gatling/target/gatling/ordersimulation-20260705201201930
none__service_termination__16,none,service_termination,16,2026-07-05T20:18:07.994552+00:00,2026-07-05T20:24:09.308210+00:00,ok,,698,0,698,1.0,25020.0,25032.0,25046.0,23447.0,1.97,,0.01784367931641116,244318208.0,0.007218999999167863,False,/Users/pavan-work/Desktop/projects/dissertation-chaos/gatling/target/gatling/ordersimulation-20260705201813342
none__service_termination__17,none,service_termination,17,2026-07-05T20:24:19.315737+00:00,2026-07-05T20:30:20.741671+00:00,ok,,698,0,698,1.0,25020.0,25031.0,25046.0,23447.0,1.97,,0.011303692539562924,244318208.0,0.005008125001040753,False,/Users/pavan-work/Desktop/projects/dissertation-chaos/gatling/target/gatling/ordersimulation-20260705202424686
none__service_termination__18,none,service_termination,18,2026-07-05T20:30:30.750443+00:00,2026-07-05T20:36:32.269665+00:00,ok,,698,0,698,1.0,25023.0,25047.0,25050.0,23450.0,1.97,,0.026110971629425057,244318208.0,0.006975292000788613,False,/Users/pavan-work/Desktop/projects/dissertation-chaos/gatling/target/gatling/ordersimulation-20260705203036120
none__service_termination__19,none,service_termination,19,2026-07-05T20:36:42.283375+00:00,2026-07-05T20:42:44.973427+00:00,ok,,698,0,698,1.0,25022.0,25037.0,25119.0,23451.0,1.97,,0.013344008540165465,241172480.0,0.007352582999374135,False,/Users/pavan-work/Desktop/projects/dissertation-chaos/gatling/target/gatling/ordersimulation-20260705203648886
none__service_termination__20,none,service_termination,20,2026-07-05T20:42:54.977779+00:00,2026-07-05T20:48:57.451595+00:00,ok,,699,0,699,1.0,25019.0,25032.0,25506.0,23379.0,1.97,,0.014554579673776663,245366776.0,0.007884332999310573,False,/Users/pavan-work/Desktop/projects/dissertation-chaos/gatling/target/gatling/ordersimulation-20260705204301845
none__latency_injection__01,none,latency_injection,1,2026-07-05T20:49:07.462529+00:00,2026-07-05T20:55:05.519275+00:00,ok,,807,797,10,0.012391573729863693,21459.0,22349.0,22714.0,20206.0,2.29,,0.06936416184971099,243269632.0,0.013619084000310977,False,/Users/pavan-work/Desktop/projects/dissertation-chaos/gatling/target/gatling/ordersimulation-20260705204912819
none__latency_injection__02,none,latency_injection,2,2026-07-05T20:55:15.526667+00:00,2026-07-05T21:01:15.900181+00:00,ok,,806,797,9,0.011166253101736972,21428.0,22464.0,22705.0,20233.0,2.3,,0.016962025316455697,241172480.0,0.00844024999969406,False,/Users/pavan-work/Desktop/projects/dissertation-chaos/gatling/target/gatling/ordersimulation-20260705205523513
none__latency_injection__03,none,latency_injection,3,2026-07-05T21:01:25.902958+00:00,2026-07-05T21:07:25.545376+00:00,ok,,806,796,10,0.01240694789081886,21511.0,22465.0,22879.0,20266.0,2.28,,0.01581325301204819,244318208.0,0.00729779200082703,False,/Users/pavan-work/Desktop/projects/dissertation-chaos/gatling/target/gatling/ordersimulation-20260705210131999
none__latency_injection__04,none,latency_injection,4,2026-07-05T21:07:35.553754+00:00,2026-07-05T21:13:33.622304+00:00,ok,,807,800,7,0.008674101610904586,21370.0,22393.0,22657.0,20209.0,2.29,,0.01407388791153556,241172480.0,0.004606708000210347,False,/Users/pavan-work/Desktop/projects/dissertation-chaos/gatling/target/gatling/ordersimulation-20260705210741091
none__latency_injection__05,none,latency_injection,5,2026-07-05T21:13:43.630722+00:00,2026-07-05T21:19:41.449090+00:00,ok,,805,801,4,0.004968944099378882,21418.0,22349.0,22740.0,20218.0,2.29,,0.007535795026375283,244318208.0,0.008132417002343573,False,/Users/pavan-work/Desktop/projects/dissertation-chaos/gatling/target/gatling/ordersimulation-20260705211349120
none__latency_injection__06,none,latency_injection,6,2026-07-05T21:19:51.456505+00:00,2026-07-05T21:25:49.563904+00:00,ok,,802,798,4,0.004987531172069825,21479.0,22534.0,22948.0,20302.0,2.28,,0.010608739580702197,244318208.0,0.017794167000829475,False,/Users/pavan-work/Desktop/projects/dissertation-chaos/gatling/target/gatling/ordersimulation-20260705211956867
none__latency_injection__07,none,latency_injection,7,2026-07-05T21:25:59.571180+00:00,2026-07-05T21:32:00.538448+00:00,ok,,805,801,4,0.004968944099378882,21383.0,22403.0,22853.0,20247.0,2.29,,0.007786988193921126,240123904.0,0.007846625001548091,False,/Users/pavan-work/Desktop/projects/dissertation-chaos/gatling/target/gatling/ordersimulation-20260705212608461
none__latency_injection__08,none,latency_injection,8,2026-07-05T21:32:10.551136+00:00,2026-07-05T21:38:06.185474+00:00,ok,,804,797,7,0.008706467661691543,21473.0,22337.0,22715.0,20232.0,2.29,,0.010214250124564025,244318208.0,0.010463541999342851,False,/Users/pavan-work/Desktop/projects/dissertation-chaos/gatling/target/gatling/ordersimulation-20260705213214259
none__latency_injection__09,none,latency_injection,9,2026-07-05T21:38:16.197365+00:00,2026-07-05T21:44:12.124208+00:00,ok,,808,796,12,0.01485148514851485,21347.0,22391.0,22662.0,20176.0,2.3,,0.013808686919407481,243269632.0,0.007683291998546338,False,/Users/pavan-work/Desktop/projects/dissertation-chaos/gatling/target/gatling/ordersimulation-20260705213819909
none__latency_injection__10,none,latency_injection,10,2026-07-05T21:44:22.136533+00:00,2026-07-05T21:50:19.104580+00:00,ok,,804,801,3,0.0037313432835820895,21500.0,22516.0,22797.0,20282.0,2.28,,0.016068290233492342,244318208.0,0.005719415999919875,False,/Users/pavan-work/Desktop/projects/dissertation-chaos/gatling/target/gatling/ordersimulation-20260705214425928
none__latency_injection__11,none,latency_injection,11,2026-07-05T21:50:29.117300+00:00,2026-07-05T21:56:25.572326+00:00,ok,,808,793,15,0.018564356435643563,21359.0,22392.0,22873.0,20163.0,2.29,,0.011063615790797083,240123904.0,0.006125584000983508,False,/Users/pavan-work/Desktop/projects/dissertation-chaos/gatling/target/gatling/ordersimulation-20260705215032671
none__latency_injection__12,none,latency_injection,12,2026-07-05T21:56:35.584921+00:00,2026-07-05T22:02:31.899981+00:00,ok,,806,793,13,0.016129032258064516,21388.0,22466.0,22867.0,20210.0,2.29,,0.007505629221916437,241172480.0,0.006018833999405615,False,/Users/pavan-work/Desktop/projects/dissertation-chaos/gatling/target/gatling/ordersimulation-20260705215639225
none__latency_injection__13,none,latency_injection,13,2026-07-05T22:02:41.912376+00:00,2026-07-05T22:08:37.249389+00:00,ok,,805,794,11,0.013664596273291925,21438.0,22421.0,22812.0,20184.0,2.29,,0.017085427135678392,244318208.0,0.007853458002500702,False,/Users/pavan-work/Desktop/projects/dissertation-chaos/gatling/target/gatling/ordersimulation-20260705220245473
none__latency_injection__14,none,latency_injection,14,2026-07-05T22:08:47.261469+00:00,2026-07-05T22:14:43.275971+00:00,ok,,806,799,7,0.008684863523573201,21414.0,22422.0,22737.0,20222.0,2.29,,0.007045797684952189,243269632.0,0.006351749998430023,False,/Users/pavan-work/Desktop/projects/dissertation-chaos/gatling/target/gatling/ordersimulation-20260705220850961
none__latency_injection__15,none,latency_injection,15,2026-07-05T22:14:53.288063+00:00,2026-07-05T22:20:49.536121+00:00,ok,,801,798,3,0.003745318352059925,21496.0,22506.0,22780.0,20306.0,2.28,,0.008050314465408805,241172480.0,0.009027584001159994,False,/Users/pavan-work/Desktop/projects/dissertation-chaos/gatling/target/gatling/ordersimulation-20260705221456823
none__latency_injection__16,none,latency_injection,16,2026-07-05T22:20:59.548558+00:00,2026-07-05T22:26:55.383076+00:00,ok,,801,796,5,0.006242197253433208,21571.0,22520.0,22866.0,20320.0,2.28,,0.012351903201411647,244318208.0,0.009081500000320375,False,/Users/pavan-work/Desktop/projects/dissertation-chaos/gatling/target/gatling/ordersimulation-20260705222103461
none__latency_injection__17,none,latency_injection,17,2026-07-05T22:27:05.395335+00:00,2026-07-05T22:33:02.232349+00:00,ok,,806,797,9,0.011166253101736972,21400.0,22548.0,22875.0,20243.0,2.28,,0.006509764646970456,245366784.0,0.0039702499998384155,False,/Users/pavan-work/Desktop/projects/dissertation-chaos/gatling/target/gatling/ordersimulation-20260705222709059
none__latency_injection__18,none,latency_injection,18,2026-07-05T22:33:12.244397+00:00,2026-07-05T22:39:08.015149+00:00,ok,,809,799,10,0.012360939431396786,21332.0,22310.0,22584.0,20158.0,2.3,,0.01281085154483798,244318208.0,0.0070419160001620185,False,/Users/pavan-work/Desktop/projects/dissertation-chaos/gatling/target/gatling/ordersimulation-20260705223316102
none__latency_injection__19,none,latency_injection,19,2026-07-05T22:39:18.019822+00:00,2026-07-05T22:45:13.226324+00:00,ok,,807,796,11,0.013630731102850062,21299.0,22323.0,22776.0,20165.0,2.3,,0.006006006006006006,244318208.0,0.006871124998724554,False,/Users/pavan-work/Desktop/projects/dissertation-chaos/gatling/target/gatling/ordersimulation-20260705223921661
none__latency_injection__20,none,latency_injection,20,2026-07-05T22:45:23.238731+00:00,2026-07-05T22:51:19.837708+00:00,ok,,806,796,10,0.01240694789081886,21468.0,22401.0,22752.0,20273.0,2.28,,0.015833123900477506,242221056.0,0.006658832997345598,False,/Users/pavan-work/Desktop/projects/dissertation-chaos/gatling/target/gatling/ordersimulation-20260705224526851
none__partial_failure__01,none,partial_failure,1,2026-07-05T22:51:29.844927+00:00,2026-07-05T22:57:15.504941+00:00,ok,,1555,1523,32,0.020578778135048232,10777.0,11444.0,11654.0,10304.0,4.56,,0.014747736093143596,241172480.0,0.01200516600147239,False,/Users/pavan-work/Desktop/projects/dissertation-chaos/gatling/target/gatling/ordersimulation-20260705225133561
none__partial_failure__02,none,partial_failure,2,2026-07-05T22:57:25.509739+00:00,2026-07-05T23:03:13.094654+00:00,ok,,1559,1532,27,0.01731879409878127,10774.0,11365.0,11603.0,10280.0,4.57,,0.018378650553877142,242221056.0,0.010251833002257627,False,/Users/pavan-work/Desktop/projects/dissertation-chaos/gatling/target/gatling/ordersimulation-20260705225731013
none__partial_failure__03,none,partial_failure,3,2026-07-05T23:03:23.102213+00:00,2026-07-05T23:09:10.847440+00:00,ok,,1555,1529,26,0.016720257234726688,10814.0,11410.0,11632.0,10307.0,4.56,,0.018163471241170535,242221056.0,0.009464750000915956,False,/Users/pavan-work/Desktop/projects/dissertation-chaos/gatling/target/gatling/ordersimulation-20260705230328799
none__partial_failure__04,none,partial_failure,4,2026-07-05T23:09:20.858330+00:00,2026-07-06T01:17:09.413573+00:00,ok,,1550,1512,38,0.024516129032258065,10839.0,11446.0,11653.0,10350.0,4.53,,0.022886866059817948,243269624.0,0.005403125000157161,False,/Users/pavan-work/Desktop/projects/dissertation-chaos/gatling/target/gatling/ordersimulation-20260705230925971
none__partial_failure__05,none,partial_failure,5,2026-07-06T01:17:19.418219+00:00,2026-07-06T01:23:07.963268+00:00,ok,,1560,1538,22,0.014102564102564103,10762.0,11338.0,11588.0,10275.0,4.57,,0.014580191050779286,244318208.0,0.012871124999946915,False,/Users/pavan-work/Desktop/projects/dissertation-chaos/gatling/target/gatling/ordersimulation-20260706011725492
none__partial_failure__06,none,partial_failure,6,2026-07-06T01:23:17.970934+00:00,2026-07-06T01:29:05.558203+00:00,ok,,1563,1537,26,0.016634676903390915,10728.0,11348.0,11577.0,10263.0,4.57,,0.016574585635359115,244318208.0,0.010932667002634844,False,/Users/pavan-work/Desktop/projects/dissertation-chaos/gatling/target/gatling/ordersimulation-20260706012323104
none__partial_failure__07,none,partial_failure,7,2026-07-06T01:29:15.562370+00:00,2026-07-06T01:35:04.020914+00:00,ok,,1553,1531,22,0.014166130070830651,10812.0,11399.0,11612.0,10315.0,4.55,,0.01784367931641116,239075328.0,0.007830416998331202,False,/Users/pavan-work/Desktop/projects/dissertation-chaos/gatling/target/gatling/ordersimulation-20260706012922102
none__partial_failure__08,none,partial_failure,8,2026-07-06T01:35:14.026836+00:00,2026-07-06T01:41:03.417143+00:00,ok,,1559,1542,17,0.010904425914047467,10770.0,11393.0,11609.0,10282.0,4.56,,0.011312217194570137,242221056.0,0.007327916999201989,False,/Users/pavan-work/Desktop/projects/dissertation-chaos/gatling/target/gatling/ordersimulation-20260706013521084
none__partial_failure__09,none,partial_failure,9,2026-07-06T01:41:13.423832+00:00,2026-07-06T01:47:01.041899+00:00,ok,,1563,1549,14,0.008957133717210493,10743.0,11352.0,11560.0,10260.0,4.58,,0.01745509739438401,244318208.0,0.007602457997563761,False,/Users/pavan-work/Desktop/projects/dissertation-chaos/gatling/target/gatling/ordersimulation-20260706014118767
none__partial_failure__10,none,partial_failure,10,2026-07-06T01:47:11.049146+00:00,2026-07-06T01:53:29.314379+00:00,ok,,1542,1493,49,0.031776913099870296,10791.0,11578.0,13320.0,10385.0,4.52,,0.19330601092896177,244318208.0,0.007982874998560874,False,/Users/pavan-work/Desktop/projects/dissertation-chaos/gatling/target/gatling/ordersimulation-20260706014746969
none__partial_failure__11,none,partial_failure,11,2026-07-06T01:53:39.321199+00:00,2026-07-06T01:59:25.087422+00:00,ok,,1559,1517,42,0.026940346375881975,10769.0,11421.0,11706.0,10283.0,4.57,,0.012565971349585321,244318208.0,0.0088364580005873,False,/Users/pavan-work/Desktop/projects/dissertation-chaos/gatling/target/gatling/ordersimulation-20260706015343254
none__partial_failure__12,none,partial_failure,12,2026-07-06T01:59:35.100143+00:00,2026-07-06T02:05:20.730263+00:00,ok,,1547,1513,34,0.02197802197802198,10841.0,11492.0,11734.0,10356.0,4.52,,0.03598014888337469,241172480.0,0.006100250000599772,False,/Users/pavan-work/Desktop/projects/dissertation-chaos/gatling/target/gatling/ordersimulation-20260706015938674
none__partial_failure__13,none,partial_failure,13,2026-07-06T02:05:30.737663+00:00,2026-07-06T02:11:16.032287+00:00,ok,,1556,1533,23,0.014781491002570694,10806.0,11373.0,11587.0,10306.0,4.56,,0.01609657947686117,239075328.0,0.008542334002413554,False,/Users/pavan-work/Desktop/projects/dissertation-chaos/gatling/target/gatling/ordersimulation-20260706020534294
none__partial_failure__14,none,partial_failure,14,2026-07-06T02:11:26.039335+00:00,2026-07-06T02:17:11.423295+00:00,ok,,1558,1530,28,0.01797175866495507,10747.0,11366.0,11555.0,10281.0,4.57,,0.016368672878368167,245366784.0,0.0059629169991239905,False,/Users/pavan-work/Desktop/projects/dissertation-chaos/gatling/target/gatling/ordersimulation-20260706021129663
none__partial_failure__15,none,partial_failure,15,2026-07-06T02:17:21.427770+00:00,2026-07-06T02:23:07.005251+00:00,ok,,1551,1523,28,0.018052869116698903,10813.0,11441.0,11686.0,10321.0,4.55,,0.015349773527931555,243269632.0,0.009070874999451917,False,/Users/pavan-work/Desktop/projects/dissertation-chaos/gatling/target/gatling/ordersimulation-20260706021725123
none__partial_failure__16,none,partial_failure,16,2026-07-06T02:23:17.017256+00:00,2026-07-06T02:29:02.638744+00:00,ok,,1551,1524,27,0.017408123791102514,10825.0,11408.0,11629.0,10333.0,4.55,,0.013836477987421384,242221056.0,0.010393125001428416,False,/Users/pavan-work/Desktop/projects/dissertation-chaos/gatling/target/gatling/ordersimulation-20260706022320716
none__partial_failure__17,none,partial_failure,17,2026-07-06T02:29:12.649135+00:00,2026-07-06T02:34:57.938442+00:00,ok,,1559,1539,20,0.012828736369467608,10772.0,11384.0,11620.0,10283.0,4.57,,0.01633576275446092,242221056.0,0.00766749999820604,False,/Users/pavan-work/Desktop/projects/dissertation-chaos/gatling/target/gatling/ordersimulation-20260706022916359
none__partial_failure__18,none,partial_failure,18,2026-07-06T02:35:07.951866+00:00,2026-07-06T02:40:53.394977+00:00,ok,,1551,1518,33,0.02127659574468085,10828.0,11412.0,11659.0,10332.0,4.55,,0.016352201257861635,239075328.0,0.00657350000255974,False,/Users/pavan-work/Desktop/projects/dissertation-chaos/gatling/target/gatling/ordersimulation-20260706023511669
none__partial_failure__19,none,partial_failure,19,2026-07-06T02:41:03.405875+00:00,2026-07-06T02:46:48.913741+00:00,ok,,1561,1524,37,0.02370275464445868,10749.0,11368.0,11580.0,10257.0,4.58,,0.01608848667672197,244318200.0,0.003961457998229889,False,/Users/pavan-work/Desktop/projects/dissertation-chaos/gatling/target/gatling/ordersimulation-20260706024107657
none__partial_failure__20,none,partial_failure,20,2026-07-06T02:46:58.926098+00:00,2026-07-06T02:52:44.071142+00:00,ok,,1560,1532,28,0.017948717948717947,10754.0,11376.0,11580.0,10269.0,4.57,,0.015365239294710327,245366784.0,0.005402833998232381,False,/Users/pavan-work/Desktop/projects/dissertation-chaos/gatling/target/gatling/ordersimulation-20260706024702599
none__cascading_failure__01,none,cascading_failure,1,2026-07-06T02:52:54.081065+00:00,2026-07-06T02:59:00.306304+00:00,ok,,801,799,2,0.0024968789013732834,21495.0,22514.0,22909.0,20304.0,2.28,,0.0075528700906344415,243269632.0,0.005242667000857182,False,/Users/pavan-work/Desktop/projects/dissertation-chaos/gatling/target/gatling/ordersimulation-20260706025307995
none__cascading_failure__02,none,cascading_failure,2,2026-07-06T02:59:10.318786+00:00,2026-07-06T03:05:15.674516+00:00,ok,,805,798,7,0.008695652173913044,21461.0,22365.0,22687.0,20221.0,2.29,,0.01710261569416499,241172480.0,0.009324082999228267,False,/Users/pavan-work/Desktop/projects/dissertation-chaos/gatling/target/gatling/ordersimulation-20260706025924256
none__cascading_failure__03,none,cascading_failure,3,2026-07-06T03:05:25.686608+00:00,2026-07-06T03:21:01.441829+00:00,ok,,800,787,13,0.01625,21469.0,23294.0,25242.0,20358.0,2.28,,0.2748603351955307,242221056.0,0.008166916999471141,False,/Users/pavan-work/Desktop/projects/dissertation-chaos/gatling/target/gatling/ordersimulation-20260706030539391
none__cascading_failure__04,none,cascading_failure,4,2026-07-06T03:21:11.449697+00:00,2026-07-06T03:27:21.106807+00:00,ok,,807,799,8,0.009913258983890954,21368.0,22467.0,22940.0,20221.0,2.29,,0.007503751875937969,244318208.0,0.006079750000935746,False,/Users/pavan-work/Desktop/projects/dissertation-chaos/gatling/target/gatling/ordersimulation-20260706032127992
none__cascading_failure__05,none,cascading_failure,5,2026-07-06T03:27:31.114410+00:00,2026-07-06T03:33:39.191133+00:00,ok,,800,792,8,0.01,21613.0,22567.0,22816.0,20333.0,2.27,,0.028354430379746835,242221056.0,0.010234124998532934,False,/Users/pavan-work/Desktop/projects/dissertation-chaos/gatling/target/gatling/ordersimulation-20260706032746442
none__cascading_failure__06,none,cascading_failure,6,2026-07-06T03:33:49.194192+00:00,2026-07-06T03:39:57.418045+00:00,ok,,805,798,7,0.008695652173913044,21394.0,22579.0,23049.0,20207.0,2.29,,0.007783078081847854,242221056.0,0.00866070800111629,False,/Users/pavan-work/Desktop/projects/dissertation-chaos/gatling/target/gatling/ordersimulation-20260706033404670
none__cascading_failure__07,none,cascading_failure,7,2026-07-06T03:40:07.425652+00:00,2026-07-06T03:46:15.685728+00:00,ok,,804,800,4,0.004975124378109453,21429.0,22495.0,22937.0,20291.0,2.28,,0.006037735849056604,243269632.0,0.00914412499696482,False,/Users/pavan-work/Desktop/projects/dissertation-chaos/gatling/target/gatling/ordersimulation-20260706034023084
none__cascading_failure__08,none,cascading_failure,8,2026-07-06T03:46:25.692691+00:00,2026-07-06T03:52:34.799101+00:00,ok,,806,803,3,0.0037220843672456576,21453.0,22385.0,22649.0,20239.0,2.29,,0.013068610203568736,243269632.0,0.006563459002791205,False,/Users/pavan-work/Desktop/projects/dissertation-chaos/gatling/target/gatling/ordersimulation-20260706034642158
none__cascading_failure__09,none,cascading_failure,9,2026-07-06T03:52:44.806820+00:00,2026-07-06T03:58:51.057829+00:00,ok,,804,798,6,0.007462686567164179,21496.0,22409.0,22819.0,20255.0,2.28,,0.007035175879396985,241172480.0,0.005851750000147149,False,/Users/pavan-work/Desktop/projects/dissertation-chaos/gatling/target/gatling/ordersimulation-20260706035258667
none__cascading_failure__10,none,cascading_failure,10,2026-07-06T03:59:01.065125+00:00,2026-07-06T04:05:06.837230+00:00,ok,,799,794,5,0.006257822277847309,21592.0,22664.0,23053.0,20386.0,2.27,,0.014831573655103066,244318208.0,0.005751833006797824,False,/Users/pavan-work/Desktop/projects/dissertation-chaos/gatling/target/gatling/ordersimulation-20260706035914914
none__cascading_failure__11,none,cascading_failure,11,2026-07-06T04:05:16.844667+00:00,2026-07-06T04:11:22.332277+00:00,ok,,807,800,7,0.008674101610904586,21373.0,22343.0,22855.0,20168.0,2.3,,0.009095502779181404,245366784.0,0.00604691600165097,False,/Users/pavan-work/Desktop/projects/dissertation-chaos/gatling/target/gatling/ordersimulation-20260706040530793
none__cascading_failure__12,none,cascading_failure,12,2026-07-06T04:11:32.336907+00:00,2026-07-06T04:17:39.043932+00:00,ok,,806,800,6,0.007444168734491315,21420.0,22390.0,22821.0,20223.0,2.29,,0.007545271629778673,243269632.0,0.006634208999457769,False,/Users/pavan-work/Desktop/projects/dissertation-chaos/gatling/target/gatling/ordersimulation-20260706041146305
none__cascading_failure__13,none,cascading_failure,13,2026-07-06T04:17:49.051623+00:00,2026-07-06T04:23:55.718127+00:00,ok,,807,800,7,0.008674101610904586,21372.0,22330.0,22762.0,20176.0,2.29,,0.011241696474195196,242221056.0,0.0037295829970389605,False,/Users/pavan-work/Desktop/projects/dissertation-chaos/gatling/target/gatling/ordersimulation-20260706041803051
none__cascading_failure__14,none,cascading_failure,14,2026-07-06T04:24:05.727278+00:00,2026-07-06T04:30:11.935585+00:00,ok,,803,800,3,0.0037359900373599006,21387.0,22389.0,22771.0,20256.0,2.28,,0.007516913054372337,242221056.0,0.005937999994785059,False,/Users/pavan-work/Desktop/projects/dissertation-chaos/gatling/target/gatling/ordersimulation-20260706042419884
none__cascading_failure__15,none,cascading_failure,15,2026-07-06T04:30:21.942417+00:00,2026-07-06T04:36:27.617276+00:00,ok,,804,797,7,0.008706467661691543,21408.0,22410.0,22702.0,20264.0,2.29,,0.01662468513853904,244318208.0,0.0038686250045429915,False,/Users/pavan-work/Desktop/projects/dissertation-chaos/gatling/target/gatling/ordersimulation-20260706043035722
none__cascading_failure__16,none,cascading_failure,16,2026-07-06T04:36:37.624786+00:00,2026-07-06T04:42:43.351437+00:00,ok,,801,798,3,0.003745318352059925,21595.0,22435.0,22742.0,20310.0,2.28,,0.008800603469952225,245366784.0,0.004206999998132233,False,/Users/pavan-work/Desktop/projects/dissertation-chaos/gatling/target/gatling/ordersimulation-20260706043651598
none__cascading_failure__17,none,cascading_failure,17,2026-07-06T04:42:53.359698+00:00,2026-07-06T04:49:02.091450+00:00,ok,,806,799,7,0.008684863523573201,21374.0,22492.0,22806.0,20211.0,2.29,,0.015311244979919678,244318208.0,0.008037458996113855,False,/Users/pavan-work/Desktop/projects/dissertation-chaos/gatling/target/gatling/ordersimulation-20260706044309664
none__cascading_failure__18,none,cascading_failure,18,2026-07-06T04:49:12.104669+00:00,2026-07-06T04:55:21.455703+00:00,ok,,810,798,12,0.014814814814814815,21278.0,22387.0,22809.0,20142.0,2.29,,0.007558578987150416,244318208.0,0.006730749999405816,False,/Users/pavan-work/Desktop/projects/dissertation-chaos/gatling/target/gatling/ordersimulation-20260706044927792
none__cascading_failure__19,none,cascading_failure,19,2026-07-06T04:55:31.466928+00:00,2026-07-06T05:01:38.739532+00:00,ok,,808,803,5,0.006188118811881188,21363.0,22400.0,22702.0,20182.0,2.3,,0.007290095525389643,245366776.0,0.008650874995510094,False,/Users/pavan-work/Desktop/projects/dissertation-chaos/gatling/target/gatling/ordersimulation-20260706045546927
none__cascading_failure__20,none,cascading_failure,20,2026-07-06T05:01:48.752976+00:00,2026-07-06T05:07:55.261499+00:00,ok,,805,796,9,0.011180124223602485,21470.0,22390.0,22708.0,20252.0,2.29,0.0,0.006306760847628658,242221056.0,0.006205291996593587,False,/Users/pavan-work/Desktop/projects/dissertation-chaos/gatling/target/gatling/ordersimulation-20260706050204429
circuit-breaker__service_termination__01,circuit-breaker,service_termination,1,2026-07-06T05:08:23.609608+00:00,2026-07-06T05:14:23.652370+00:00,ok,,136786,0,136786,1.0,89.0,272.0,450.0,115.0,413.25,,1.0,185597952.0,18.143150208001316,True,/Users/pavan-work/Desktop/projects/dissertation-chaos/gatling/target/gatling/ordersimulation-20260706050831252
circuit-breaker__service_termination__02,circuit-breaker,service_termination,2,2026-07-06T05:14:33.662642+00:00,2026-07-06T05:20:37.524553+00:00,ok,,126375,0,126375,1.0,92.0,325.0,637.0,125.0,381.8,,0.5287708546135512,186646528.0,17.33469933399465,True,/Users/pavan-work/Desktop/projects/dissertation-chaos/gatling/target/gatling/ordersimulation-20260706051445879
circuit-breaker__service_termination__03,circuit-breaker,service_termination,3,2026-07-06T05:20:47.536099+00:00,2026-07-06T05:26:52.759707+00:00,ok,,138284,0,138284,1.0,89.0,265.0,497.0,114.0,417.78,1.0,0.37747391147894926,187695104.0,16.900883750000503,True,/Users/pavan-work/Desktop/projects/dissertation-chaos/gatling/target/gatling/ordersimulation-20260706052101234
circuit-breaker__service_termination__04,circuit-breaker,service_termination,4,2026-07-06T05:27:02.772234+00:00,2026-07-06T05:33:08.105928+00:00,ok,,135368,0,135368,1.0,87.0,275.0,573.0,116.0,408.97,,0.4778350515463917,185597952.0,16.94596879099845,True,/Users/pavan-work/Desktop/projects/dissertation-chaos/gatling/target/gatling/ordersimulation-20260706052716419
circuit-breaker__service_termination__05,circuit-breaker,service_termination,5,2026-07-06T05:33:18.120003+00:00,2026-07-06T05:39:23.050190+00:00,ok,,127145,0,127145,1.0,90.0,295.0,672.0,124.0,384.12,,0.7173174872665535,220200960.0,17.081656374997692,True,/Users/pavan-work/Desktop/projects/dissertation-chaos/gatling/target/gatling/ordersimulation-20260706053330649
circuit-breaker__service_termination__06,circuit-breaker,service_termination,6,2026-07-06T05:39:33.065679+00:00,2026-07-06T05:45:42.286208+00:00,ok,,114296,0,114296,1.0,104.0,331.0,594.0,138.0,343.23,1.0,0.5054901960784314,267386872.0,16.20587441600219,True,/Users/pavan-work/Desktop/projects/dissertation-chaos/gatling/target/gatling/ordersimulation-20260706053944497
circuit-breaker__service_termination__07,circuit-breaker,service_termination,7,2026-07-06T05:45:52.300847+00:00,2026-07-06T05:52:02.278070+00:00,ok,,140286,0,140286,1.0,70.0,290.0,798.0,112.0,421.28,1.0,0.6241042345276873,262144000.0,16.22989020899695,True,/Users/pavan-work/Desktop/projects/dissertation-chaos/gatling/target/gatling/ordersimulation-20260706054605147
circuit-breaker__service_termination__08,circuit-breaker,service_termination,8,2026-07-06T05:52:12.361000+00:00,2026-07-06T05:58:13.186809+00:00,ok,,214888,0,214888,1.0,53.0,202.0,474.0,73.0,649.21,,0.5808929428708594,263192576.0,18.776746374998766,True,/Users/pavan-work/Desktop/projects/dissertation-chaos/gatling/target/gatling/ordersimulation-20260706055221285
circuit-breaker__service_termination__09,circuit-breaker,service_termination,9,2026-07-06T05:58:23.201957+00:00,2026-07-06T06:04:22.615044+00:00,ok,,192559,0,192559,1.0,44.0,287.0,693.0,82.0,581.75,,0.5998498498498499,267386872.0,17.652638250001473,True,/Users/pavan-work/Desktop/projects/dissertation-chaos/gatling/target/gatling/ordersimulation-20260706055828885
circuit-breaker__service_termination__10,circuit-breaker,service_termination,10,2026-07-06T06:10:23.080250+00:00,2026-07-06T06:10:23.080261+00:00,error,"('Connection aborted.', ConnectionResetError(54, 'Connection reset by peer'))",,,,,,,,,,,,,,,
circuit-breaker__service_termination__11,circuit-breaker,service_termination,11,2026-07-06T06:10:38.439924+00:00,2026-07-06T06:16:37.357193+00:00,ok,,157695,0,157695,1.0,52.0,179.0,881.0,100.0,476.42,1.0,0.6804123711340206,653262848.0,20.597743792000983,True,/Users/pavan-work/Desktop/projects/dissertation-chaos/gatling/target/gatling/ordersimulation-20260706061043974
circuit-breaker__service_termination__12,circuit-breaker,service_termination,12,2026-07-06T06:22:51.446200+00:00,2026-07-06T06:22:51.446210+00:00,error,"('Connection aborted.', ConnectionResetError(54, 'Connection reset by peer'))",,,,,,,,,,,,,,,
circuit-breaker__service_termination__13,circuit-breaker,service_termination,13,2026-07-06T06:23:26.588183+00:00,2026-07-06T06:23:26.588205+00:00,error,"('Connection aborted.', ConnectionResetError(54, 'Connection reset by peer'))",,,,,,,,,,,,,,,
circuit-breaker__service_termination__14,circuit-breaker,service_termination,14,2026-07-06T06:29:40.740729+00:00,2026-07-06T06:29:40.740738+00:00,error,"HTTPConnectionPool(host='localhost', port=9090): Read timed out. (read timeout=15)",,,,,,,,,,,,,,,
circuit-breaker__service_termination__15,circuit-breaker,service_termination,15,2026-07-06T06:30:15.989829+00:00,2026-07-06T06:30:15.989840+00:00,error,"('Connection aborted.', ConnectionResetError(54, 'Connection reset by peer'))",,,,,,,,,,,,,,,
circuit-breaker__service_termination__16,circuit-breaker,service_termination,16,2026-07-06T06:36:48.734326+00:00,2026-07-06T06:36:48.734341+00:00,error,"('Connection aborted.', ConnectionResetError(54, 'Connection reset by peer'))",,,,,,,,,,,,,,,
circuit-breaker__service_termination__17,circuit-breaker,service_termination,17,2026-07-06T06:37:14.934311+00:00,2026-07-06T06:37:14.934332+00:00,error,"('Connection aborted.', ConnectionResetError(54, 'Connection reset by peer'))",,,,,,,,,,,,,,,
circuit-breaker__service_termination__18,circuit-breaker,service_termination,18,2026-07-06T06:37:33.753251+00:00,2026-07-06T06:37:33.753260+00:00,error,"('Connection aborted.', ConnectionResetError(54, 'Connection reset by peer'))",,,,,,,,,,,,,,,
circuit-breaker__service_termination__19,circuit-breaker,service_termination,19,2026-07-06T06:37:46.838809+00:00,2026-07-06T06:43:44.045486+00:00,ok,,92210,0,92210,1.0,60.0,334.0,629.0,175.0,272.01,,1.0,442499072.0,8.349985749999178,True,/Users/pavan-work/Desktop/projects/dissertation-chaos/gatling/target/gatling/ordersimulation-20260706063754010
circuit-breaker__service_termination__20,circuit-breaker,service_termination,20,2026-07-06T06:43:54.060031+00:00,2026-07-06T06:49:53.800575+00:00,ok,,119994,0,119994,1.0,85.0,324.0,781.0,131.0,362.52,,0.5353535353535354,439353344.0,18.416854875002173,True,/Users/pavan-work/Desktop/projects/dissertation-chaos/gatling/target/gatling/ordersimulation-20260706064400095
circuit-breaker__latency_injection__01,circuit-breaker,latency_injection,1,2026-07-06T06:50:03.821129+00:00,2026-07-06T06:56:03.025843+00:00,ok,,814,777,37,0.045454545454545456,21227.0,22369.0,23080.0,20014.0,2.31,,0.04872448979591837,437256192.0,0.007612165994942188,False,/Users/pavan-work/Desktop/projects/dissertation-chaos/gatling/target/gatling/ordersimulation-20260706065010292
circuit-breaker__latency_injection__02,circuit-breaker,latency_injection,2,2026-07-06T06:56:13.039012+00:00,2026-07-06T07:02:11.512472+00:00,ok,,810,780,30,0.037037037037037035,21297.0,22509.0,22833.0,20110.0,2.3,,0.03934426229508197,435159040.0,0.008370959003514145,False,/Users/pavan-work/Desktop/projects/dissertation-chaos/gatling/target/gatling/ordersimulation-20260706065618957
circuit-breaker__latency_injection__03,circuit-breaker,latency_injection,3,2026-07-06T07:02:21.527005+00:00,2026-07-06T07:08:21.456776+00:00,ok,,816,789,27,0.03308823529411765,21171.0,22338.0,22707.0,20020.0,2.31,,0.0733366935483871,393216000.0,0.009265332999348175,False,/Users/pavan-work/Desktop/projects/dissertation-chaos/gatling/target/gatling/ordersimulation-20260706070227605
circuit-breaker__latency_injection__04,circuit-breaker,latency_injection,4,2026-07-06T07:08:31.469848+00:00,2026-07-06T07:14:30.729857+00:00,ok,,817,787,30,0.03671970624235006,21069.0,22437.0,22924.0,19925.0,2.32,,0.07672828564193468,436207616.0,0.007941916999698151,False,/Users/pavan-work/Desktop/projects/dissertation-chaos/gatling/target/gatling/ordersimulation-20260706070838396
circuit-breaker__latency_injection__05,circuit-breaker,latency_injection,5,2026-07-06T07:14:40.743068+00:00,2026-07-06T07:20:44.806543+00:00,ok,,815,789,26,0.03190184049079755,21161.0,22299.0,22619.0,20001.0,2.32,,0.045862157314885986,434110464.0,0.007896832998085301,False,/Users/pavan-work/Desktop/projects/dissertation-chaos/gatling/target/gatling/ordersimulation-20260706071451065
circuit-breaker__latency_injection__06,circuit-breaker,latency_injection,6,2026-07-06T07:20:54.814469+00:00,2026-07-06T07:27:06.478453+00:00,ok,,819,794,25,0.030525030525030524,21057.0,22198.0,22575.0,19853.0,2.33,,0.044256843182399586,437256192.0,0.026853750001464505,False,/Users/pavan-work/Desktop/projects/dissertation-chaos/gatling/target/gatling/ordersimulation-20260706072112290
circuit-breaker__latency_injection__07,circuit-breaker,latency_injection,7,2026-07-06T07:27:16.489563+00:00,2026-07-06T07:33:25.467892+00:00,ok,,813,793,20,0.024600246002460024,21232.0,22318.0,22851.0,19967.0,2.32,,0.024451726745651624,437256192.0,0.03594916700239992,False,/Users/pavan-work/Desktop/projects/dissertation-chaos/gatling/target/gatling/ordersimulation-20260706072732906
circuit-breaker__latency_injection__08,circuit-breaker,latency_injection,8,2026-07-06T07:33:35.481378+00:00,2026-07-06T07:39:46.747258+00:00,ok,,807,798,9,0.011152416356877323,21349.0,22384.0,22767.0,20176.0,2.29,,0.049757591222250576,438304768.0,0.044156500000099186,False,/Users/pavan-work/Desktop/projects/dissertation-chaos/gatling/target/gatling/ordersimulation-20260706073351999
circuit-breaker__latency_injection__09,circuit-breaker,latency_injection,9,2026-07-06T07:39:56.762015+00:00,2026-07-06T07:46:10.431823+00:00,ok,,812,796,16,0.019704433497536946,21240.0,22321.0,22745.0,20072.0,2.31,,0.027742428098752867,422576120.0,0.05105708300106926,False,/Users/pavan-work/Desktop/projects/dissertation-chaos/gatling/target/gatling/ordersimulation-20260706074014503
circuit-breaker__latency_injection__10,circuit-breaker,latency_injection,10,2026-07-06T07:46:20.446055+00:00,2026-07-06T07:52:30.952945+00:00,ok,,813,790,23,0.028290282902829027,21212.0,22288.0,22622.0,20033.0,2.32,,0.031810148952284775,436207608.0,0.0263754589977907,False,/Users/pavan-work/Desktop/projects/dissertation-chaos/gatling/target/gatling/ordersimulation-20260706074637036
circuit-breaker__latency_injection__11,circuit-breaker,latency_injection,11,2026-07-06T07:52:40.972095+00:00,2026-07-06T07:58:52.233676+00:00,ok,,813,783,30,0.03690036900369004,21221.0,22383.0,22790.0,20005.0,2.32,,0.041255838090295795,435159040.0,0.03166012499423232,False,/Users/pavan-work/Desktop/projects/dissertation-chaos/gatling/target/gatling/ordersimulation-20260706075258696
circuit-breaker__latency_injection__12,circuit-breaker,latency_injection,12,2026-07-06T07:59:02.248335+00:00,2026-07-06T08:05:14.399037+00:00,ok,,816,786,30,0.03676470588235294,21103.0,22345.0,22823.0,19968.0,2.32,,0.03245591617684641,434110464.0,0.05576041700260248,False,/Users/pavan-work/Desktop/projects/dissertation-chaos/gatling/target/gatling/ordersimulation-20260706075918935
circuit-breaker__latency_injection__13,circuit-breaker,latency_injection,13,2026-07-06T08:05:24.419904+00:00,2026-07-06T08:11:36.677231+00:00,ok,,817,797,20,0.02447980416156671,21193.0,22174.0,22608.0,19989.0,2.31,,0.030425963488843813,435159040.0,0.0404734580006334,False,/Users/pavan-work/Desktop/projects/dissertation-chaos/gatling/target/gatling/ordersimulation-20260706080541135
circuit-breaker__latency_injection__14,circuit-breaker,latency_injection,14,2026-07-06T08:11:46.688155+00:00,2026-07-06T08:17:59.925016+00:00,ok,,818,796,22,0.02689486552567237,21100.0,22163.0,22531.0,19911.0,2.32,,0.02117887216126563,437256192.0,0.02328608300013002,False,/Users/pavan-work/Desktop/projects/dissertation-chaos/gatling/target/gatling/ordersimulation-20260706081204386
circuit-breaker__latency_injection__15,circuit-breaker,latency_injection,15,2026-07-06T08:18:09.934865+00:00,2026-07-06T08:24:20.768513+00:00,ok,,816,782,34,0.041666666666666664,21120.0,22411.0,22905.0,19962.0,2.32,,0.0416452442159383,437256192.0,0.0997550410029362,False,/Users/pavan-work/Desktop/projects/dissertation-chaos/gatling/target/gatling/ordersimulation-20260706081826189
circuit-breaker__latency_injection__16,circuit-breaker,latency_injection,16,2026-07-06T08:24:30.784055+00:00,2026-07-06T08:30:42.860997+00:00,ok,,812,786,26,0.03201970443349754,21272.0,22451.0,22931.0,20021.0,2.31,,0.0510411376333164,391118848.0,0.03649491699616192,False,/Users/pavan-work/Desktop/projects/dissertation-chaos/gatling/target/gatling/ordersimulation-20260706082448753
circuit-breaker__latency_injection__17,circuit-breaker,latency_injection,17,2026-07-06T08:30:52.878662+00:00,2026-07-06T08:37:05.087078+00:00,ok,,818,801,17,0.02078239608801956,21106.0,22315.0,22648.0,19892.0,2.33,,0.07048921620199894,437256192.0,0.05659162500523962,False,/Users/pavan-work/Desktop/projects/dissertation-chaos/gatling/target/gatling/ordersimulation-20260706083111041
circuit-breaker__latency_injection__18,circuit-breaker,latency_injection,18,2026-07-06T08:37:15.105684+00:00,2026-07-06T08:43:26.632120+00:00,ok,,813,782,31,0.038130381303813035,21279.0,22361.0,22932.0,20021.0,2.32,,0.03363286264441592,434110464.0,0.0580855829975917,False,/Users/pavan-work/Desktop/projects/dissertation-chaos/gatling/target/gatling/ordersimulation-20260706083732121
circuit-breaker__latency_injection__19,circuit-breaker,latency_injection,19,2026-07-06T08:43:36.649789+00:00,2026-07-06T08:49:54.320042+00:00,ok,,828,789,39,0.04710144927536232,20913.0,22307.0,22748.0,19713.0,2.35,,0.05482749398234822,436207616.0,0.039327332997345366,False,/Users/pavan-work/Desktop/projects/dissertation-chaos/gatling/target/gatling/ordersimulation-20260706084357949
circuit-breaker__latency_injection__20,circuit-breaker,latency_injection,20,2026-07-06T08:50:04.331277+00:00,2026-07-06T08:56:21.668169+00:00,ok,,831,794,37,0.044524669073405534,20696.0,22097.0,22575.0,19651.0,2.35,,0.0398830098378091,437256192.0,0.009715375002997462,False,/Users/pavan-work/Desktop/projects/dissertation-chaos/gatling/target/gatling/ordersimulation-20260706085026204
circuit-breaker__partial_failure__01,circuit-breaker,partial_failure,1,2026-07-06T08:56:31.681183+00:00,2026-07-06T09:02:23.750348+00:00,ok,,1573,1467,106,0.06738715829624921,10641.0,11447.0,11860.0,10191.0,4.61,,0.04867724867724868,432013312.0,0.012201124998682644,False,/Users/pavan-work/Desktop/projects/dissertation-chaos/gatling/target/gatling/ordersimulation-20260706085640503
circuit-breaker__partial_failure__02,circuit-breaker,partial_failure,2,2026-07-06T09:02:33.763503+00:00,2026-07-06T09:08:27.360216+00:00,ok,,1564,1468,96,0.061381074168797956,10716.0,11431.0,11759.0,10246.0,4.57,,0.05406797116374871,434110464.0,0.027350374999514315,False,/Users/pavan-work/Desktop/projects/dissertation-chaos/gatling/target/gatling/ordersimulation-20260706090242898
circuit-breaker__service_termination__10,circuit-breaker,service_termination,10,2026-07-06T13:31:44.423533+00:00,2026-07-06T13:37:41.852592+00:00,ok,,170679,0,170679,1.0,72.0,230.0,381.0,92.0,515.65,,0.4440984117097478,204472320.0,18.856940125006076,True,/Users/pavan-work/Desktop/projects/dissertation-chaos/gatling/target/gatling/ordersimulation-20260706133148592
circuit-breaker__service_termination__12,circuit-breaker,service_termination,12,2026-07-06T13:37:51.865498+00:00,2026-07-06T13:43:52.857741+00:00,ok,,130938,0,130938,1.0,90.0,292.0,551.0,120.0,395.58,,0.4756399669694467,213909504.0,19.55451095799799,True,/Users/pavan-work/Desktop/projects/dissertation-chaos/gatling/target/gatling/ordersimulation-20260706133800102
circuit-breaker__service_termination__13,circuit-breaker,service_termination,13,2026-07-06T13:44:02.868576+00:00,2026-07-06T13:50:07.824401+00:00,ok,,155660,0,155660,1.0,76.0,251.0,491.0,101.0,470.27,,0.365792759051186,213909504.0,21.572541041998193,True,/Users/pavan-work/Desktop/projects/dissertation-chaos/gatling/target/gatling/ordersimulation-20260706134412763
circuit-breaker__service_termination__14,circuit-breaker,service_termination,14,2026-07-06T13:50:17.834740+00:00,2026-07-06T13:56:16.381218+00:00,ok,,169214,0,169214,1.0,72.0,220.0,374.0,93.0,511.22,,0.3961516694963214,256901120.0,17.5363647080012,True,/Users/pavan-work/Desktop/projects/dissertation-chaos/gatling/target/gatling/ordersimulation-20260706135025650
circuit-breaker__service_termination__15,circuit-breaker,service_termination,15,2026-07-06T13:56:26.390840+00:00,2026-07-06T14:02:27.649621+00:00,ok,,205467,0,205467,1.0,50.0,188.0,468.0,77.0,620.75,,0.610576923076923,253755392.0,20.685457749998022,True,/Users/pavan-work/Desktop/projects/dissertation-chaos/gatling/target/gatling/ordersimulation-20260706135634543
circuit-breaker__service_termination__16,circuit-breaker,service_termination,16,2026-07-06T14:02:37.656310+00:00,2026-07-06T14:08:36.748099+00:00,ok,,268315,0,268315,1.0,29.0,141.0,1194.0,59.0,805.75,,0.35500807754442654,252706816.0,18.80472324999573,True,/Users/pavan-work/Desktop/projects/dissertation-chaos/gatling/target/gatling/ordersimulation-20260706140241688
circuit-breaker__service_termination__17,circuit-breaker,service_termination,17,2026-07-06T14:08:46.759012+00:00,2026-07-06T14:14:46.877105+00:00,ok,,249620,0,249620,1.0,33.0,163.0,725.0,63.0,747.37,,0.5300063171193936,250609664.0,20.591485791002924,True,/Users/pavan-work/Desktop/projects/dissertation-chaos/gatling/target/gatling/ordersimulation-20260706140850532
circuit-breaker__service_termination__18,circuit-breaker,service_termination,18,2026-07-06T14:14:56.890182+00:00,2026-07-06T14:20:51.803747+00:00,ok,,205910,0,205910,1.0,31.0,251.0,1392.0,76.0,622.08,1.0,0.5224641037517369,256901120.0,16.25601425000059,True,/Users/pavan-work/Desktop/projects/dissertation-chaos/gatling/target/gatling/ordersimulation-20260706141500879
circuit-breaker__partial_failure__04,circuit-breaker,partial_failure,4,2026-07-06T14:21:01.815521+00:00,2026-07-06T14:26:48.072763+00:00,ok,,1530,1466,64,0.04183006535947712,10956.0,11607.0,11929.0,10482.0,4.47,,0.0852286928267933,249561088.0,0.0076069999995524995,False,/Users/pavan-work/Desktop/projects/dissertation-chaos/gatling/target/gatling/ordersimulation-20260706142105677
circuit-breaker__partial_failure__05,circuit-breaker,partial_failure,5,2026-07-06T14:26:58.081235+00:00,2026-07-06T14:32:46.915634+00:00,ok,,1519,1414,105,0.06912442396313365,11023.0,11795.0,12989.0,10566.0,4.43,,0.11854176726219218,95420416.0,0.03539791599905584,False,/Users/pavan-work/Desktop/projects/dissertation-chaos/gatling/target/gatling/ordersimulation-20260706142702584
circuit-breaker__partial_failure__06,circuit-breaker,partial_failure,6,2026-07-06T14:32:56.926573+00:00,2026-07-06T14:39:52.987757+00:00,ok,,1539,1485,54,0.03508771929824561,10878.0,11597.0,11846.0,10419.0,4.5,,0.03815316560685651,98566144.0,0.005589792002865579,False,/Users/pavan-work/Desktop/projects/dissertation-chaos/gatling/target/gatling/ordersimulation-20260706143302798
circuit-breaker__partial_failure__08,circuit-breaker,partial_failure,8,2026-07-06T14:45:54.229937+00:00,2026-07-06T14:51:39.831699+00:00,ok,,1541,1479,62,0.04023361453601557,10905.0,11466.0,11684.0,10407.0,4.52,,0.024482584553255932,263192576.0,0.0070725829937146045,False,/Users/pavan-work/Desktop/projects/dissertation-chaos/gatling/target/gatling/ordersimulation-20260706144558135
circuit-breaker__partial_failure__09,circuit-breaker,partial_failure,9,2026-07-06T14:51:49.846566+00:00,2026-07-06T14:57:35.029734+00:00,ok,,1550,1498,52,0.03354838709677419,10818.0,11441.0,11665.0,10338.0,4.55,,0.017596782302664656,258998272.0,0.006557749999046791,False,/Users/pavan-work/Desktop/projects/dissertation-chaos/gatling/target/gatling/ordersimulation-20260706145153490
circuit-breaker__partial_failure__10,circuit-breaker,partial_failure,10,2026-07-06T14:57:45.042512+00:00,2026-07-06T15:03:30.642571+00:00,ok,,1553,1488,65,0.04185447520927238,10806.0,11431.0,11689.0,10325.0,4.54,,0.018672722684834723,254803968.0,0.0063928329982445575,False,/Users/pavan-work/Desktop/projects/dissertation-chaos/gatling/target/gatling/ordersimulation-20260706145748488
circuit-breaker__partial_failure__11,circuit-breaker,partial_failure,11,2026-07-06T15:03:40.655822+00:00,2026-07-06T15:09:25.935420+00:00,ok,,1550,1496,54,0.03483870967741935,10800.0,11425.0,11656.0,10331.0,4.55,,0.018824726532688883,257949696.0,0.006932250005775131,False,/Users/pavan-work/Desktop/projects/dissertation-chaos/gatling/target/gatling/ordersimulation-20260706150344473
circuit-breaker__partial_failure__12,circuit-breaker,partial_failure,12,2026-07-06T15:09:35.949048+00:00,2026-07-06T15:15:21.552997+00:00,ok,,1556,1507,49,0.031491002570694086,10805.0,11407.0,11617.0,10300.0,4.56,,0.01688933703050164,256901120.0,0.006192791006469633,False,/Users/pavan-work/Desktop/projects/dissertation-chaos/gatling/target/gatling/ordersimulation-20260706150939547
circuit-breaker__partial_failure__13,circuit-breaker,partial_failure,13,2026-07-06T15:15:31.560585+00:00,2026-07-06T15:21:23.794162+00:00,ok,,1560,1513,47,0.03012820512820513,10773.0,11401.0,11683.0,10282.0,4.57,,0.015897047691143074,255852544.0,0.027010042002075352,False,/Users/pavan-work/Desktop/projects/dissertation-chaos/gatling/target/gatling/ordersimulation-20260706151541064
circuit-breaker__partial_failure__14,circuit-breaker,partial_failure,14,2026-07-06T15:21:33.807215+00:00,2026-07-06T15:27:29.436533+00:00,ok,,1541,1498,43,0.027903958468526932,10909.0,11510.0,11761.0,10411.0,4.52,,0.022474747474747474,254803968.0,0.013460709000355564,False,/Users/pavan-work/Desktop/projects/dissertation-chaos/gatling/target/gatling/ordersimulation-20260706152146324
circuit-breaker__partial_failure__15,circuit-breaker,partial_failure,15,2026-07-06T15:27:39.443742+00:00,2026-07-06T15:33:34.345329+00:00,ok,,1543,1495,48,0.031108230719377836,10848.0,11488.0,11735.0,10372.0,4.52,,0.01949367088607595,252706816.0,0.020104374998481944,False,/Users/pavan-work/Desktop/projects/dissertation-chaos/gatling/target/gatling/ordersimulation-20260706152751635
circuit-breaker__partial_failure__16,circuit-breaker,partial_failure,16,2026-07-06T15:33:44.355868+00:00,2026-07-06T15:39:39.671945+00:00,ok,,1554,1489,65,0.04182754182754183,10789.0,11405.0,11598.0,10309.0,4.54,,0.02425467407781708,254803968.0,0.008315250001032837,False,/Users/pavan-work/Desktop/projects/dissertation-chaos/gatling/target/gatling/ordersimulation-20260706153356898
circuit-breaker__partial_failure__17,circuit-breaker,partial_failure,17,2026-07-06T15:39:49.684991+00:00,2026-07-06T15:45:37.053304+00:00,ok,,1552,1494,58,0.037371134020618556,10815.0,11386.0,11640.0,10320.0,4.55,,0.02374266019913199,255852544.0,0.009523833003186155,False,/Users/pavan-work/Desktop/projects/dissertation-chaos/gatling/target/gatling/ordersimulation-20260706153955084
circuit-breaker__partial_failure__18,circuit-breaker,partial_failure,18,2026-07-06T15:45:47.066392+00:00,2026-07-06T15:51:34.045138+00:00,ok,,1547,1493,54,0.03490627020038785,10862.0,11508.0,11724.0,10356.0,4.54,,0.022301064368981247,254803968.0,0.00864908399671549,False,/Users/pavan-work/Desktop/projects/dissertation-chaos/gatling/target/gatling/ordersimulation-20260706154552094
circuit-breaker__partial_failure__19,circuit-breaker,partial_failure,19,2026-07-06T15:51:44.058269+00:00,2026-07-06T15:57:31.223532+00:00,ok,,1541,1480,61,0.03958468526930565,10878.0,11506.0,11721.0,10397.0,4.52,,0.018929833417465923,256901120.0,0.007904833000793587,False,/Users/pavan-work/Desktop/projects/dissertation-chaos/gatling/target/gatling/ordersimulation-20260706155149368
circuit-breaker__partial_failure__20,circuit-breaker,partial_failure,20,2026-07-06T15:57:41.237934+00:00,2026-07-06T16:03:26.622839+00:00,ok,,1553,1504,49,0.031551835157759174,10797.0,11450.0,11705.0,10315.0,4.55,,0.02753220510229856,255852544.0,0.007746417002636008,False,/Users/pavan-work/Desktop/projects/dissertation-chaos/gatling/target/gatling/ordersimulation-20260706155744853
circuit-breaker__cascading_failure__01,circuit-breaker,cascading_failure,1,2026-07-06T16:03:36.635487+00:00,2026-07-06T16:09:42.654584+00:00,ok,,805,788,17,0.02111801242236025,21419.0,22346.0,22759.0,20212.0,2.29,,0.018652076597861226,255852544.0,0.007632167005795054,False,/Users/pavan-work/Desktop/projects/dissertation-chaos/gatling/target/gatling/ordersimulation-20260706160350280
circuit-breaker__cascading_failure__02,circuit-breaker,cascading_failure,2,2026-07-06T16:09:52.667314+00:00,2026-07-06T16:16:01.933887+00:00,ok,,803,790,13,0.0161892901618929,21474.0,22621.0,22987.0,20269.0,2.29,,0.021367521367521368,256901120.0,0.025654833007138222,False,/Users/pavan-work/Desktop/projects/dissertation-chaos/gatling/target/gatling/ordersimulation-20260706161009572
circuit-breaker__cascading_failure__03,circuit-breaker,cascading_failure,3,2026-07-06T16:16:11.943583+00:00,2026-07-06T16:22:24.774509+00:00,ok,,813,789,24,0.02952029520295203,21228.0,22293.0,22707.0,20049.0,2.31,,0.03389830508474576,253755392.0,0.04220170799817424,False,/Users/pavan-work/Desktop/projects/dissertation-chaos/gatling/target/gatling/ordersimulation-20260706161631768
circuit-breaker__cascading_failure__04,circuit-breaker,cascading_failure,4,2026-07-06T16:22:34.800014+00:00,2026-07-06T16:28:49.854233+00:00,ok,,810,789,21,0.025925925925925925,21330.0,22386.0,22759.0,20110.0,2.3,,0.034418850939899395,255852544.0,0.007155708008212969,False,/Users/pavan-work/Desktop/projects/dissertation-chaos/gatling/target/gatling/ordersimulation-20260706162257015
circuit-breaker__cascading_failure__05,circuit-breaker,cascading_failure,5,2026-07-06T16:28:59.863466+00:00,2026-07-06T16:35:08.863235+00:00,ok,,807,790,17,0.021065675340768277,21458.0,22569.0,22932.0,20197.0,2.29,,0.02861643475977947,255852544.0,0.007995249994564801,False,/Users/pavan-work/Desktop/projects/dissertation-chaos/gatling/target/gatling/ordersimulation-20260706162915469
circuit-breaker__cascading_failure__06,circuit-breaker,cascading_failure,6,2026-07-06T16:35:18.871108+00:00,2026-07-06T16:41:28.282305+00:00,ok,,809,788,21,0.02595797280593325,21351.0,22553.0,22888.0,20177.0,2.29,,0.04150737302020754,256901120.0,0.012457250006264076,False,/Users/pavan-work/Desktop/projects/dissertation-chaos/gatling/target/gatling/ordersimulation-20260706163534160
circuit-breaker__cascading_failure__07,circuit-breaker,cascading_failure,7,2026-07-06T16:41:38.290531+00:00,2026-07-06T16:47:47.440423+00:00,ok,,811,786,25,0.030826140567200986,21249.0,22400.0,22803.0,20107.0,2.3,,0.04892798240791644,255852544.0,0.02820616599638015,False,/Users/pavan-work/Desktop/projects/dissertation-chaos/gatling/target/gatling/ordersimulation-20260706164153518
circuit-breaker__cascading_failure__08,circuit-breaker,cascading_failure,8,2026-07-06T16:47:57.452888+00:00,2026-07-06T16:54:06.937832+00:00,ok,,808,791,17,0.02103960396039604,21341.0,22438.0,22835.0,20167.0,2.3,,0.020806901801573206,257949688.0,0.0338938750064699,False,/Users/pavan-work/Desktop/projects/dissertation-chaos/gatling/target/gatling/ordersimulation-20260706164813781
circuit-breaker__cascading_failure__09,circuit-breaker,cascading_failure,9,2026-07-06T16:54:16.947723+00:00,2026-07-06T17:00:38.637365+00:00,ok,,811,792,19,0.02342786683107275,21313.0,22360.0,22795.0,20088.0,2.3,,0.04146602461209203,253755392.0,0.02015387499704957,False,/Users/pavan-work/Desktop/projects/dissertation-chaos/gatling/target/gatling/ordersimulation-20260706165443326
circuit-breaker__cascading_failure__10,circuit-breaker,cascading_failure,10,2026-07-06T17:00:48.647813+00:00,2026-07-06T17:07:13.234570+00:00,ok,,809,782,27,0.03337453646477132,21417.0,22479.0,22942.0,20186.0,2.3,0.10186379518698216,0.05826062482409232,254803968.0,0.008356582999113016,False,/Users/pavan-work/Desktop/projects/dissertation-chaos/gatling/target/gatling/ordersimulation-20260706170118232
circuit-breaker__cascading_failure__11,circuit-breaker,cascading_failure,11,2026-07-06T17:07:23.242193+00:00,2026-07-06T17:13:32.384749+00:00,ok,,804,785,19,0.0236318407960199,21497.0,22524.0,22875.0,20250.0,2.28,,0.04010775217000898,256901120.0,0.00967441700049676,False,/Users/pavan-work/Desktop/projects/dissertation-chaos/gatling/target/gatling/ordersimulation-20260706170739416
circuit-breaker__cascading_failure__12,circuit-breaker,cascading_failure,12,2026-07-06T17:13:42.392177+00:00,2026-07-06T17:19:51.879193+00:00,ok,,809,780,29,0.03584672435105068,21341.0,22497.0,22890.0,20136.0,2.3,,0.049162318044493274,254803968.0,0.0240644580044318,False,/Users/pavan-work/Desktop/projects/dissertation-chaos/gatling/target/gatling/ordersimulation-20260706171357833
circuit-breaker__cascading_failure__13,circuit-breaker,cascading_failure,13,2026-07-06T17:20:01.889907+00:00,2026-07-06T17:26:19.969605+00:00,ok,,805,784,21,0.02608695652173913,21440.0,22473.0,22893.0,20192.0,2.29,,0.07058476077968104,255852544.0,0.013523458008421585,False,/Users/pavan-work/Desktop/projects/dissertation-chaos/gatling/target/gatling/ordersimulation-20260706172027382
circuit-breaker__cascading_failure__14,circuit-breaker,cascading_failure,14,2026-07-06T17:26:29.981792+00:00,2026-07-06T17:32:46.621755+00:00,ok,,814,783,31,0.038083538083538086,21256.0,22440.0,22954.0,20036.0,2.31,,0.037275408956824886,256901120.0,0.0067682910012081265,False,/Users/pavan-work/Desktop/projects/dissertation-chaos/gatling/target/gatling/ordersimulation-20260706172652513
circuit-breaker__cascading_failure__15,circuit-breaker,cascading_failure,15,2026-07-06T17:32:56.631992+00:00,2026-07-06T17:39:05.753337+00:00,ok,,811,795,16,0.01972872996300863,21365.0,22377.0,22664.0,20144.0,2.3,,0.02298560242485476,256901120.0,0.01591920900682453,False,/Users/pavan-work/Desktop/projects/dissertation-chaos/gatling/target/gatling/ordersimulation-20260706173312855
circuit-breaker__cascading_failure__16,circuit-breaker,cascading_failure,16,2026-07-06T17:39:15.766280+00:00,2026-07-06T17:45:23.612093+00:00,ok,,804,788,16,0.01990049751243781,21500.0,22563.0,22951.0,20284.0,2.28,,0.01750380517503805,256901120.0,0.0066950000036740676,False,/Users/pavan-work/Desktop/projects/dissertation-chaos/gatling/target/gatling/ordersimulation-20260706173930712
circuit-breaker__cascading_failure__17,circuit-breaker,cascading_failure,17,2026-07-06T17:45:33.625124+00:00,2026-07-06T17:51:41.704334+00:00,ok,,814,789,25,0.030712530712530713,21194.0,22327.0,22622.0,20027.0,2.31,,0.018696311268317334,256901120.0,0.009151291000307538,False,/Users/pavan-work/Desktop/projects/dissertation-chaos/gatling/target/gatling/ordersimulation-20260706174548824
circuit-breaker__cascading_failure__18,circuit-breaker,cascading_failure,18,2026-07-06T17:51:51.717837+00:00,2026-07-06T17:57:58.557532+00:00,ok,,809,784,25,0.030902348578491966,21288.0,22352.0,22784.0,20065.0,2.31,,0.02031488065007618,256901120.0,0.04592141701141372,False,/Users/pavan-work/Desktop/projects/dissertation-chaos/gatling/target/gatling/ordersimulation-20260706175207108
circuit-breaker__cascading_failure__19,circuit-breaker,cascading_failure,19,2026-07-06T17:58:08.574402+00:00,2026-07-06T18:04:19.828942+00:00,ok,,814,795,19,0.02334152334152334,21176.0,22250.0,22617.0,20033.0,2.31,,0.023185483870967742,255852544.0,0.03547733400773723,False,/Users/pavan-work/Desktop/projects/dissertation-chaos/gatling/target/gatling/ordersimulation-20260706175826004
circuit-breaker__cascading_failure__20,circuit-breaker,cascading_failure,20,2026-07-06T18:04:29.839077+00:00,2026-07-06T18:10:44.836179+00:00,ok,,810,793,17,0.020987654320987655,21338.0,22284.0,22662.0,20111.0,2.31,,0.018022528160200252,257949696.0,0.017139791991212405,False,/Users/pavan-work/Desktop/projects/dissertation-chaos/gatling/target/gatling/ordersimulation-20260706180452418
bulkhead__service_termination__01,bulkhead,service_termination,1,2026-07-06T18:12:50.695077+00:00,2026-07-06T18:18:49.626386+00:00,ok,,808,0,808,1.0,23031.0,25048.0,29884.0,20209.0,2.28,,0.06536610083607804,141713112.0,0.008239292001235299,False,/Users/pavan-work/Desktop/projects/dissertation-chaos/gatling/target/gatling/ordersimulation-20260706181255514
bulkhead__service_termination__02,bulkhead,service_termination,2,2026-07-06T18:18:59.639917+00:00,2026-07-06T18:24:59.465041+00:00,ok,,791,0,791,1.0,23448.0,25042.0,25059.0,20690.0,2.24,,0.0752145381120646,138722792.0,0.00724091699521523,False,/Users/pavan-work/Desktop/projects/dissertation-chaos/gatling/target/gatling/ordersimulation-20260706181905325
bulkhead__service_termination__03,bulkhead,service_termination,3,2026-07-06T18:25:09.480904+00:00,2026-07-06T18:31:13.046789+00:00,ok,,767,0,767,1.0,24020.0,25046.0,25057.0,21331.0,2.16,,0.04559270516717325,136623832.0,0.021157666997169144,False,/Users/pavan-work/Desktop/projects/dissertation-chaos/gatling/target/gatling/ordersimulation-20260706182517208
bulkhead__service_termination__04,bulkhead,service_termination,4,2026-07-06T18:31:23.053035+00:00,2026-07-06T18:37:21.609320+00:00,ok,,734,0,734,1.0,25013.0,25049.0,25800.0,22078.0,2.1,,0.043795620437956206,135132824.0,0.01682295900536701,False,/Users/pavan-work/Desktop/projects/dissertation-chaos/gatling/target/gatling/ordersimulation-20260706183130622
bulkhead__service_termination__05,bulkhead,service_termination,5,2026-07-06T18:37:31.623994+00:00,2026-07-06T18:43:32.606982+00:00,ok,,732,0,732,1.0,24562.0,25053.0,25144.0,22293.0,2.07,,0.028831562974203338,133419280.0,0.027473750000353903,False,/Users/pavan-work/Desktop/projects/dissertation-chaos/gatling/target/gatling/ordersimulation-20260706183739060
bulkhead__service_termination__06,bulkhead,service_termination,6,2026-07-06T18:43:42.617765+00:00,2026-07-06T18:49:39.220915+00:00,ok,,744,0,744,1.0,24098.0,25047.0,25108.0,21784.0,2.13,,0.027435187515731187,133021336.0,0.034573250013636425,False,/Users/pavan-work/Desktop/projects/dissertation-chaos/gatling/target/gatling/ordersimulation-20260706184349149
bulkhead__service_termination__07,bulkhead,service_termination,7,2026-07-06T18:49:49.236940+00:00,2026-07-06T18:55:44.635634+00:00,ok,,739,0,739,1.0,24215.0,25045.0,25113.0,21983.0,2.11,,0.028838856564634453,132515224.0,0.011522207991220057,False,/Users/pavan-work/Desktop/projects/dissertation-chaos/gatling/target/gatling/ordersimulation-20260706184953024
bulkhead__service_termination__08,bulkhead,service_termination,8,2026-07-06T18:55:54.653844+00:00,2026-07-06T19:01:51.503801+00:00,ok,,740,0,740,1.0,24093.0,25039.0,25109.0,21970.0,2.1,,0.038859449911683074,130891840.0,0.008091333002084866,False,/Users/pavan-work/Desktop/projects/dissertation-chaos/gatling/target/gatling/ordersimulation-20260706185558645
bulkhead__service_termination__09,bulkhead,service_termination,9,2026-07-06T19:02:01.516691+00:00,2026-07-06T19:08:02.957902+00:00,ok,,724,0,724,1.0,24184.0,25051.0,25129.0,22590.0,2.04,,0.06300607287449392,129258056.0,0.008930374999181367,False,/Users/pavan-work/Desktop/projects/dissertation-chaos/gatling/target/gatling/ordersimulation-20260706190205428
bulkhead__service_termination__10,bulkhead,service_termination,10,2026-07-06T19:08:12.962746+00:00,2026-07-06T19:14:11.655926+00:00,ok,,722,0,722,1.0,24190.0,25040.0,25123.0,22636.0,2.03,,0.021602612408942474,128597080.0,0.016638582994346507,False,/Users/pavan-work/Desktop/projects/dissertation-chaos/gatling/target/gatling/ordersimulation-20260706190816614
bulkhead__service_termination__11,bulkhead,service_termination,11,2026-07-06T19:14:21.668886+00:00,2026-07-06T19:20:19.571467+00:00,ok,,727,0,727,1.0,24622.0,25054.0,25129.0,22461.0,2.05,,0.061224489795918366,128974848.0,0.009187709001707844,False,/Users/pavan-work/Desktop/projects/dissertation-chaos/gatling/target/gatling/ordersimulation-20260706191425268
bulkhead__service_termination__12,bulkhead,service_termination,12,2026-07-06T19:20:29.584342+00:00,2026-07-06T19:26:28.834229+00:00,ok,,714,0,714,1.0,24992.0,25043.0,25121.0,22889.0,2.01,,0.050613881232773744,130023424.0,0.006865957999252714,False,/Users/pavan-work/Desktop/projects/dissertation-chaos/gatling/target/gatling/ordersimulation-20260706192033767
bulkhead__service_termination__13,bulkhead,service_termination,13,2026-07-06T19:26:38.847120+00:00,2026-07-06T19:32:37.523788+00:00,ok,,719,0,719,1.0,24839.0,25040.0,25101.0,22730.0,2.03,,0.03557013118062563,128974848.0,0.00705191699671559,False,/Users/pavan-work/Desktop/projects/dissertation-chaos/gatling/target/gatling/ordersimulation-20260706192642571
bulkhead__service_termination__14,bulkhead,service_termination,14,2026-07-06T19:32:47.537693+00:00,2026-07-06T19:38:47.177070+00:00,ok,,720,0,720,1.0,25016.0,25063.0,25116.0,22699.0,2.03,,0.01660377358490566,128974848.0,0.026190125005086884,False,/Users/pavan-work/Desktop/projects/dissertation-chaos/gatling/target/gatling/ordersimulation-20260706193251447
bulkhead__service_termination__15,bulkhead,service_termination,15,2026-07-06T19:38:57.183310+00:00,2026-07-06T19:44:58.312151+00:00,ok,,710,0,710,1.0,25019.0,25049.0,25125.0,22977.0,2.01,,0.018778167250876315,131072000.0,0.018916542001534253,False,/Users/pavan-work/Desktop/projects/dissertation-chaos/gatling/target/gatling/ordersimulation-20260706193904684
bulkhead__service_termination__16,bulkhead,service_termination,16,2026-07-06T19:45:08.316626+00:00,2026-07-06T19:51:05.853731+00:00,ok,,713,0,713,1.0,25000.0,25063.0,25154.0,22692.0,2.04,,0.020115665074176513,131072000.0,0.010744583007181063,False,/Users/pavan-work/Desktop/projects/dissertation-chaos/gatling/target/gatling/ordersimulation-20260706194515203
bulkhead__service_termination__17,bulkhead,service_termination,17,2026-07-06T19:51:15.880548+00:00,2026-07-06T19:57:12.396597+00:00,ok,,717,0,717,1.0,24497.0,25043.0,25114.0,22643.0,2.04,,0.0254841997961264,131072000.0,0.009312125010183081,False,/Users/pavan-work/Desktop/projects/dissertation-chaos/gatling/target/gatling/ordersimulation-20260706195119913
bulkhead__service_termination__18,bulkhead,service_termination,18,2026-07-06T19:57:22.410402+00:00,2026-07-06T20:03:19.466034+00:00,ok,,719,0,719,1.0,24531.0,25051.0,25131.0,22623.0,2.04,,0.0379874213836478,132120576.0,0.010671124997315928,False,/Users/pavan-work/Desktop/projects/dissertation-chaos/gatling/target/gatling/ordersimulation-20260706195726306
bulkhead__service_termination__19,bulkhead,service_termination,19,2026-07-06T20:03:29.478680+00:00,2026-07-06T20:09:28.662744+00:00,ok,,716,0,716,1.0,25018.0,25089.0,25172.0,22823.0,2.02,,0.016439049064238747,132120576.0,0.006185374993947335,False,/Users/pavan-work/Desktop/projects/dissertation-chaos/gatling/target/gatling/ordersimulation-20260706200333419
bulkhead__service_termination__20,bulkhead,service_termination,20,2026-07-06T20:09:38.675483+00:00,2026-07-06T20:15:37.416699+00:00,ok,,715,0,715,1.0,24992.0,25047.0,25125.0,22854.0,2.01,,0.01814973531635997,130023424.0,0.006754334011930041,False,/Users/pavan-work/Desktop/projects/dissertation-chaos/gatling/target/gatling/ordersimulation-20260706200942433
bulkhead__latency_injection__01,bulkhead,latency_injection,1,2026-07-06T20:15:47.430456+00:00,2026-07-06T20:21:42.497814+00:00,ok,,800,777,23,0.02875,21557.0,22703.0,23098.0,20335.0,2.28,,0.09969864389753892,132120576.0,0.0076234999869484454,False,/Users/pavan-work/Desktop/projects/dissertation-chaos/gatling/target/gatling/ordersimulation-20260706201551274
bulkhead__latency_injection__02,bulkhead,latency_injection,2,2026-07-06T20:21:52.511002+00:00,2026-07-06T20:27:49.260832+00:00,ok,,809,787,22,0.027194066749072928,21336.0,22509.0,22977.0,20165.0,2.3,,0.03411941796287005,130023424.0,0.008202292010537349,False,/Users/pavan-work/Desktop/projects/dissertation-chaos/gatling/target/gatling/ordersimulation-20260706202156185
bulkhead__latency_injection__03,bulkhead,latency_injection,3,2026-07-06T20:27:59.273908+00:00,2026-07-06T20:33:56.586261+00:00,ok,,802,793,9,0.011221945137157107,21543.0,22513.0,22908.0,20361.0,2.27,,0.03261694058154235,128974848.0,0.0058514160045888275,False,/Users/pavan-work/Desktop/projects/dissertation-chaos/gatling/target/gatling/ordersimulation-20260706202803287
bulkhead__latency_injection__04,bulkhead,latency_injection,4,2026-07-06T20:34:06.601525+00:00,2026-07-06T20:40:02.274555+00:00,ok,,804,785,19,0.0236318407960199,21448.0,22562.0,22897.0,20219.0,2.29,,0.019534184823441023,131072000.0,0.006387291999999434,False,/Users/pavan-work/Desktop/projects/dissertation-chaos/gatling/target/gatling/ordersimulation-20260706203410697
bulkhead__latency_injection__05,bulkhead,latency_injection,5,2026-07-06T20:40:12.283789+00:00,2026-07-06T20:46:14.152398+00:00,ok,,807,790,17,0.021065675340768277,21467.0,22339.0,22695.0,20233.0,2.29,,0.01524003048006096,131072000.0,0.027186458988580853,False,/Users/pavan-work/Desktop/projects/dissertation-chaos/gatling/target/gatling/ordersimulation-20260706204020665
bulkhead__latency_injection__06,bulkhead,latency_injection,6,2026-07-06T20:46:24.166624+00:00,2026-07-06T20:52:24.485223+00:00,ok,,803,793,10,0.012453300124533,21476.0,22503.0,22772.0,20269.0,2.29,,0.015636822194199245,128974848.0,0.013749791993177496,False,/Users/pavan-work/Desktop/projects/dissertation-chaos/gatling/target/gatling/ordersimulation-20260706204631917
bulkhead__latency_injection__07,bulkhead,latency_injection,7,2026-07-06T20:52:34.499391+00:00,2026-07-06T20:58:32.799477+00:00,ok,,803,791,12,0.014943960149439602,21427.0,22566.0,22914.0,20253.0,2.29,,0.019701944935589796,132120576.0,0.01139724999666214,False,/Users/pavan-work/Desktop/projects/dissertation-chaos/gatling/target/gatling/ordersimulation-20260706205241977
bulkhead__latency_injection__08,bulkhead,latency_injection,8,2026-07-06T20:58:42.815580+00:00,2026-07-06T21:04:40.215627+00:00,ok,,806,792,14,0.017369727047146403,21444.0,22409.0,22690.0,20226.0,2.28,,0.03225806451612903,130023424.0,0.006580000001122244,False,/Users/pavan-work/Desktop/projects/dissertation-chaos/gatling/target/gatling/ordersimulation-20260706205846641
bulkhead__latency_injection__09,bulkhead,latency_injection,9,2026-07-06T21:04:50.229077+00:00,2026-07-06T21:10:47.340175+00:00,ok,,812,788,24,0.029556650246305417,21243.0,22445.0,22854.0,20076.0,2.3,,0.01918223119636547,131072000.0,0.009753834005095996,False,/Users/pavan-work/Desktop/projects/dissertation-chaos/gatling/target/gatling/ordersimulation-20260706210454300
bulkhead__latency_injection__10,bulkhead,latency_injection,10,2026-07-06T21:10:57.353148+00:00,2026-07-06T21:16:52.698641+00:00,ok,,803,793,10,0.012453300124533,21462.0,22502.0,22870.0,20266.0,2.29,,0.014880201765447668,128974848.0,0.0070111250097397715,False,/Users/pavan-work/Desktop/projects/dissertation-chaos/gatling/target/gatling/ordersimulation-20260706211101132
bulkhead__latency_injection__11,bulkhead,latency_injection,11,2026-07-06T21:17:02.711488+00:00,2026-07-06T21:22:59.159666+00:00,ok,,806,792,14,0.017369727047146403,21418.0,22552.0,22897.0,20232.0,2.29,,0.028894472361809045,131072000.0,0.0070620000042254105,False,/Users/pavan-work/Desktop/projects/dissertation-chaos/gatling/target/gatling/ordersimulation-20260706211706672
bulkhead__latency_injection__12,bulkhead,latency_injection,12,2026-07-06T21:23:09.172775+00:00,2026-07-06T21:29:06.421436+00:00,ok,,808,792,16,0.019801980198019802,21411.0,22589.0,22949.0,20237.0,2.29,,0.02158273381294964,130023424.0,0.009287958004279062,False,/Users/pavan-work/Desktop/projects/dissertation-chaos/gatling/target/gatling/ordersimulation-20260706212312957
bulkhead__latency_injection__13,bulkhead,latency_injection,13,2026-07-06T21:29:16.434555+00:00,2026-07-06T21:35:12.548241+00:00,ok,,807,797,10,0.012391573729863693,21399.0,22423.0,22750.0,20190.0,2.29,,0.011560693641618497,131072000.0,0.006060250001610257,False,/Users/pavan-work/Desktop/projects/dissertation-chaos/gatling/target/gatling/ordersimulation-20260706212920138
bulkhead__latency_injection__14,bulkhead,latency_injection,14,2026-07-06T21:35:22.561608+00:00,2026-07-06T21:41:18.583988+00:00,ok,,805,787,18,0.02236024844720497,21456.0,22478.0,22835.0,20239.0,2.29,,0.012888551933282791,132120576.0,0.006696750002447516,False,/Users/pavan-work/Desktop/projects/dissertation-chaos/gatling/target/gatling/ordersimulation-20260706213526342
bulkhead__latency_injection__15,bulkhead,latency_injection,15,2026-07-07T15:08:16.435789+00:00,2026-07-07T15:14:28.491149+00:00,ok,,810,702,108,0.13333333333333333,21282.0,22805.0,23740.0,20098.0,2.3,,0.625,140761680.0,0.0251206670072861,False,/Users/pavan-work/Desktop/projects/dissertation-chaos/gatling/target/gatling/ordersimulation-20260707150833379
bulkhead__latency_injection__16,bulkhead,latency_injection,16,2026-07-07T15:14:38.500696+00:00,2026-07-07T15:20:38.162373+00:00,ok,,810,761,49,0.06049382716049383,21286.0,22607.0,23397.0,20095.0,2.3,,0.09214814814814815,138557992.0,0.006234041997231543,False,/Users/pavan-work/Desktop/projects/dissertation-chaos/gatling/target/gatling/ordersimulation-20260707151444843
bulkhead__latency_injection__17,bulkhead,latency_injection,17,2026-07-07T15:20:48.170512+00:00,2026-07-07T15:26:47.369345+00:00,ok,,815,737,78,0.09570552147239264,21208.0,22535.0,22970.0,19992.0,2.32,,0.18483256730137887,136600992.0,0.05262045799463522,False,/Users/pavan-work/Desktop/projects/dissertation-chaos/gatling/target/gatling/ordersimulation-20260707152053720
bulkhead__latency_injection__18,bulkhead,latency_injection,18,2026-07-07T15:26:57.380190+00:00,2026-07-07T15:33:07.111570+00:00,ok,,811,742,69,0.08508014796547472,21444.0,22604.0,23043.0,20073.0,2.3,,0.1253731343283582,134634080.0,0.020956332999048755,False,/Users/pavan-work/Desktop/projects/dissertation-chaos/gatling/target/gatling/ordersimulation-20260707152712817
bulkhead__latency_injection__19,bulkhead,latency_injection,19,2026-07-07T15:33:17.131803+00:00,2026-07-07T15:39:30.501690+00:00,ok,,799,772,27,0.03379224030037547,21660.0,22614.0,22984.0,20367.0,2.27,,0.06055900621118012,133484176.0,0.007658750007976778,False,/Users/pavan-work/Desktop/projects/dissertation-chaos/gatling/target/gatling/ordersimulation-20260707153336742
bulkhead__latency_injection__20,bulkhead,latency_injection,20,2026-07-07T15:39:40.514407+00:00,2026-07-07T15:45:39.512668+00:00,ok,,815,758,57,0.06993865030674846,21294.0,22526.0,22790.0,20005.0,2.32,,0.04084720121028744,133484176.0,0.03887920799024869,False,/Users/pavan-work/Desktop/projects/dissertation-chaos/gatling/target/gatling/ordersimulation-20260707153945775
bulkhead__partial_failure__01,bulkhead,partial_failure,1,2026-07-07T15:45:49.525261+00:00,2026-07-07T15:51:48.900359+00:00,ok,,1496,1350,146,0.09759358288770054,11099.0,12411.0,15219.0,10714.0,4.39,,0.4130790190735695,132626848.0,0.13183199999912176,False,/Users/pavan-work/Desktop/projects/dissertation-chaos/gatling/target/gatling/ordersimulation-20260707154602314
bulkhead__partial_failure__02,bulkhead,partial_failure,2,2026-07-07T15:51:58.922350+00:00,2026-07-07T15:57:55.340462+00:00,ok,,1540,1467,73,0.047402597402597405,10889.0,11565.0,11832.0,10398.0,4.52,,0.048494983277591976,129944992.0,0.009937875001924112,False,/Users/pavan-work/Desktop/projects/dissertation-chaos/gatling/target/gatling/ordersimulation-20260707155213004
bulkhead__partial_failure__03,bulkhead,partial_failure,3,2026-07-07T15:58:05.353613+00:00,2026-07-07T16:03:52.997911+00:00,ok,,1545,1458,87,0.05631067961165048,10861.0,11549.0,11786.0,10369.0,4.53,,0.04216713519039101,129218704.0,0.03739062500244472,False,/Users/pavan-work/Desktop/projects/dissertation-chaos/gatling/target/gatling/ordersimulation-20260707155810425
bulkhead__partial_failure__04,bulkhead,partial_failure,4,2026-07-07T16:04:03.014408+00:00,2026-07-07T16:09:57.473802+00:00,ok,,1538,1471,67,0.043563068920676205,10907.0,11602.0,11901.0,10426.0,4.51,,0.044098230789543176,128427936.0,0.012654416990699247,False,/Users/pavan-work/Desktop/projects/dissertation-chaos/gatling/target/gatling/ordersimulation-20260707160414803
bulkhead__partial_failure__05,bulkhead,partial_failure,5,2026-07-07T16:10:07.481949+00:00,2026-07-07T16:15:57.504486+00:00,ok,,1547,1481,66,0.04266321913380737,10853.0,11511.0,11797.0,10353.0,4.52,,0.05487448920023351,127248240.0,0.033888750011101365,False,/Users/pavan-work/Desktop/projects/dissertation-chaos/gatling/target/gatling/ordersimulation-20260707161014037
bulkhead__partial_failure__06,bulkhead,partial_failure,6,2026-07-07T16:16:07.526325+00:00,2026-07-07T16:22:07.163129+00:00,ok,,1527,1450,77,0.0504256712508186,10962.0,11731.0,12106.0,10496.0,4.46,,0.08667083854818523,126657720.0,0.018916874993010424,False,/Users/pavan-work/Desktop/projects/dissertation-chaos/gatling/target/gatling/ordersimulation-20260707161622894
bulkhead__partial_failure__07,bulkhead,partial_failure,7,2026-07-07T16:22:17.171303+00:00,2026-07-07T16:28:20.929350+00:00,ok,,1504,1364,140,0.09308510638297872,10994.0,12567.0,13753.0,10668.0,4.4,,0.14799672935404742,126133824.0,0.032011125003919005,False,/Users/pavan-work/Desktop/projects/dissertation-chaos/gatling/target/gatling/ordersimulation-20260707162235339
bulkhead__partial_failure__08,bulkhead,partial_failure,8,2026-07-07T16:28:30.941990+00:00,2026-07-07T16:34:41.234604+00:00,ok,,1537,1429,108,0.07026675341574495,10850.0,11591.0,11976.0,10429.0,4.49,,0.09133805190428042,125912248.0,0.06645229199784808,False,/Users/pavan-work/Desktop/projects/dissertation-chaos/gatling/target/gatling/ordersimulation-20260707162855065
bulkhead__partial_failure__09,bulkhead,partial_failure,9,2026-07-07T16:34:51.249682+00:00,2026-07-07T16:40:50.984952+00:00,ok,,1523,1428,95,0.0623768877216021,10904.0,12401.0,13736.0,10514.0,4.47,,0.1313460642757336,125829120.0,0.007914625006378628,False,/Users/pavan-work/Desktop/projects/dissertation-chaos/gatling/target/gatling/ordersimulation-20260707163508411
bulkhead__partial_failure__10,bulkhead,partial_failure,10,2026-07-07T16:41:00.991664+00:00,2026-07-07T16:46:48.353992+00:00,ok,,1546,1487,59,0.03816300129366106,10834.0,11467.0,11714.0,10358.0,4.53,,0.06144824069352371,125829120.0,0.01165220799157396,False,/Users/pavan-work/Desktop/projects/dissertation-chaos/gatling/target/gatling/ordersimulation-20260707164106444
bulkhead__partial_failure__11,bulkhead,partial_failure,11,2026-07-07T16:46:58.362763+00:00,2026-07-07T16:52:47.055611+00:00,ok,,1545,1470,75,0.04854368932038835,10851.0,11502.0,11954.0,10365.0,4.53,,0.07155867811605517,126877696.0,0.06004904200381134,False,/Users/pavan-work/Desktop/projects/dissertation-chaos/gatling/target/gatling/ordersimulation-20260707164703788
bulkhead__partial_failure__12,bulkhead,partial_failure,12,2026-07-07T16:52:57.071231+00:00,2026-07-07T16:58:57.569134+00:00,ok,,1555,1489,66,0.04244372990353698,10788.0,11456.0,11734.0,10303.0,4.56,,0.07858243451463791,125829120.0,0.00967929199396167,False,/Users/pavan-work/Desktop/projects/dissertation-chaos/gatling/target/gatling/ordersimulation-20260707165314926
bulkhead__partial_failure__13,bulkhead,partial_failure,13,2026-07-07T16:59:07.582634+00:00,2026-07-07T17:04:56.346545+00:00,ok,,1554,1485,69,0.0444015444015444,10795.0,11475.0,11720.0,10317.0,4.54,,0.021640664318067437,124930000.0,0.07495249999919906,False,/Users/pavan-work/Desktop/projects/dissertation-chaos/gatling/target/gatling/ordersimulation-20260707165912758
bulkhead__partial_failure__14,bulkhead,partial_failure,14,2026-07-07T17:05:06.362608+00:00,2026-07-07T17:11:00.371566+00:00,ok,,1546,1484,62,0.040103492884864166,10836.0,11508.0,11889.0,10356.0,4.53,,0.02496782496782497,125829120.0,0.009602584003005177,False,/Users/pavan-work/Desktop/projects/dissertation-chaos/gatling/target/gatling/ordersimulation-20260707170518265
bulkhead__partial_failure__15,bulkhead,partial_failure,15,2026-07-07T17:11:10.384895+00:00,2026-07-07T17:16:58.656141+00:00,ok,,1558,1510,48,0.03080872913992298,10768.0,11419.0,11766.0,10284.0,4.56,,0.039904862579281185,126877696.0,0.023699208002653904,False,/Users/pavan-work/Desktop/projects/dissertation-chaos/gatling/target/gatling/ordersimulation-20260707171115591
bulkhead__partial_failure__16,bulkhead,partial_failure,16,2026-07-07T17:17:08.670491+00:00,2026-07-07T17:23:04.525105+00:00,ok,,1546,1483,63,0.0407503234152652,10814.0,11474.0,11705.0,10366.0,4.52,,0.039676522618145055,126877696.0,0.012396165999234654,False,/Users/pavan-work/Desktop/projects/dissertation-chaos/gatling/target/gatling/ordersimulation-20260707171721568
bulkhead__partial_failure__17,bulkhead,partial_failure,17,2026-07-07T17:23:14.538471+00:00,2026-07-07T17:29:02.060637+00:00,ok,,1550,1475,75,0.04838709677419355,10814.0,11496.0,11735.0,10335.0,4.55,,0.03618594823032224,127926272.0,0.02306283298821654,False,/Users/pavan-work/Desktop/projects/dissertation-chaos/gatling/target/gatling/ordersimulation-20260707172319753
bulkhead__partial_failure__18,bulkhead,partial_failure,18,2026-07-07T17:29:12.073013+00:00,2026-07-07T17:35:14.674805+00:00,ok,,1548,1481,67,0.043281653746770024,10812.0,11478.0,11715.0,10344.0,4.54,,0.029441624365482234,124780544.0,0.007023499987553805,False,/Users/pavan-work/Desktop/projects/dissertation-chaos/gatling/target/gatling/ordersimulation-20260707172931075
bulkhead__partial_failure__19,bulkhead,partial_failure,19,2026-07-07T17:35:24.688051+00:00,2026-07-07T17:41:11.704346+00:00,ok,,1539,1475,64,0.04158544509421702,10904.0,11537.0,11769.0,10418.0,4.51,,0.026329113924050632,127926272.0,0.01731287500297185,False,/Users/pavan-work/Desktop/projects/dissertation-chaos/gatling/target/gatling/ordersimulation-20260707173529785
bulkhead__partial_failure__20,bulkhead,partial_failure,20,2026-07-07T17:41:21.713430+00:00,2026-07-07T17:47:18.463336+00:00,ok,,1549,1467,82,0.05293737895416398,10827.0,11504.0,11830.0,10343.0,4.54,,0.051993942453306415,124780544.0,0.012150750000728294,False,/Users/pavan-work/Desktop/projects/dissertation-chaos/gatling/target/gatling/ordersimulation-20260707174135561
bulkhead__cascading_failure__01,bulkhead,cascading_failure,1,2026-07-07T17:47:28.476939+00:00,2026-07-07T17:53:37.530651+00:00,ok,,814,774,40,0.04914004914004914,21231.0,22382.0,22823.0,20044.0,2.31,,0.05926928281461434,126877696.0,0.0058661250077420846,False,/Users/pavan-work/Desktop/projects/dissertation-chaos/gatling/target/gatling/ordersimulation-20260707174743999
bulkhead__cascading_failure__02,bulkhead,cascading_failure,2,2026-07-07T17:53:47.539399+00:00,2026-07-07T18:26:22.970666+00:00,ok,,807,757,50,0.061957868649318466,21192.0,24222.0,26129.0,20164.0,2.29,,0.38789237668161436,126877696.0,0.030934791997424327,False,/Users/pavan-work/Desktop/projects/dissertation-chaos/gatling/target/gatling/ordersimulation-20260707175407439
bulkhead__cascading_failure__03,bulkhead,cascading_failure,3,2026-07-07T18:26:32.985448+00:00,2026-07-07T18:32:51.162602+00:00,ok,,811,771,40,0.04932182490752158,21323.0,22409.0,22887.0,20091.0,2.31,,0.03823773898586866,125829120.0,0.007818250000127591,False,/Users/pavan-work/Desktop/projects/dissertation-chaos/gatling/target/gatling/ordersimulation-20260707182658222
bulkhead__cascading_failure__04,bulkhead,cascading_failure,4,2026-07-07T18:33:01.170441+00:00,2026-07-07T18:39:08.248267+00:00,ok,,809,774,35,0.04326328800988875,21299.0,22486.0,22833.0,20115.0,2.3,0.16666666666666663,0.09112875388332758,124780544.0,0.005405582996900193,False,/Users/pavan-work/Desktop/projects/dissertation-chaos/gatling/target/gatling/ordersimulation-20260707183316330
bulkhead__cascading_failure__05,bulkhead,cascading_failure,5,2026-07-07T18:39:18.256104+00:00,2026-07-07T18:45:34.573990+00:00,ok,,809,786,23,0.02843016069221261,21332.0,22374.0,22794.0,20141.0,2.3,,0.06787066705505389,126877696.0,0.05913079199672211,False,/Users/pavan-work/Desktop/projects/dissertation-chaos/gatling/target/gatling/ordersimulation-20260707183940111
bulkhead__cascading_failure__06,bulkhead,cascading_failure,6,2026-07-07T18:45:44.595693+00:00,2026-07-07T18:51:56.896279+00:00,ok,,807,797,10,0.012391573729863693,21386.0,22431.0,22916.0,20197.0,2.29,,0.029333333333333333,126877696.0,0.015309958995203488,False,/Users/pavan-work/Desktop/projects/dissertation-chaos/gatling/target/gatling/ordersimulation-20260707184603816
bulkhead__cascading_failure__07,bulkhead,cascading_failure,7,2026-07-07T18:52:06.905157+00:00,2026-07-07T18:58:18.789534+00:00,ok,,812,780,32,0.03940886699507389,21339.0,22563.0,23085.0,20078.0,2.31,,0.031928480204342274,125829120.0,0.016493417002493516,False,/Users/pavan-work/Desktop/projects/dissertation-chaos/gatling/target/gatling/ordersimulation-20260707185224589
bulkhead__cascading_failure__08,bulkhead,cascading_failure,8,2026-07-07T18:58:28.800438+00:00,2026-07-07T19:04:43.585965+00:00,ok,,805,793,12,0.014906832298136646,21473.0,22455.0,22868.0,20256.0,2.28,,0.03228367292934639,126877696.0,0.006034791993442923,False,/Users/pavan-work/Desktop/projects/dissertation-chaos/gatling/target/gatling/ordersimulation-20260707185850023
bulkhead__cascading_failure__09,bulkhead,cascading_failure,9,2026-07-07T19:04:53.593231+00:00,2026-07-07T19:11:12.042893+00:00,ok,,811,790,21,0.025893958076448828,21369.0,22571.0,22905.0,20109.0,2.3,,0.03147821707378494,126877696.0,0.012264457996934652,False,/Users/pavan-work/Desktop/projects/dissertation-chaos/gatling/target/gatling/ordersimulation-20260707190518220
bulkhead__cascading_failure__10,bulkhead,cascading_failure,10,2026-07-07T19:11:22.051092+00:00,2026-07-07T19:17:31.275518+00:00,ok,,804,790,14,0.017412935323383085,21388.0,22391.0,22762.0,20215.0,2.28,,0.039495337356006584,126877696.0,0.02215020799485501,False,/Users/pavan-work/Desktop/projects/dissertation-chaos/gatling/target/gatling/ordersimulation-20260707191138065
bulkhead__cascading_failure__11,bulkhead,cascading_failure,11,2026-07-07T19:17:41.285782+00:00,2026-07-07T19:23:55.714120+00:00,ok,,807,788,19,0.023543990086741014,21369.0,22345.0,22763.0,20177.0,2.29,,0.0405337361530715,125829120.0,0.008645457986858673,False,/Users/pavan-work/Desktop/projects/dissertation-chaos/gatling/target/gatling/ordersimulation-20260707191802358
bulkhead__cascading_failure__12,bulkhead,cascading_failure,12,2026-07-07T19:24:05.726730+00:00,2026-07-07T19:30:13.966528+00:00,ok,,812,787,25,0.03078817733990148,21206.0,22366.0,22769.0,20046.0,2.31,,0.024230186774356385,126877696.0,0.028043291997164488,False,/Users/pavan-work/Desktop/projects/dissertation-chaos/gatling/target/gatling/ordersimulation-20260707192420893
bulkhead__cascading_failure__13,bulkhead,cascading_failure,13,2026-07-07T19:30:23.977287+00:00,2026-07-07T19:36:32.753604+00:00,ok,,807,792,15,0.01858736059479554,21460.0,22452.0,22866.0,20201.0,2.29,,0.017521584560690705,126877696.0,0.05326366699591745,False,/Users/pavan-work/Desktop/projects/dissertation-chaos/gatling/target/gatling/ordersimulation-20260707193039690
bulkhead__cascading_failure__14,bulkhead,cascading_failure,14,2026-07-07T19:36:42.776243+00:00,2026-07-07T19:42:57.638974+00:00,ok,,806,793,13,0.016129032258064516,21472.0,22465.0,22868.0,20221.0,2.29,,0.03577772139051002,126877696.0,0.012236791997565888,False,/Users/pavan-work/Desktop/projects/dissertation-chaos/gatling/target/gatling/ordersimulation-20260707193704121
bulkhead__cascading_failure__15,bulkhead,cascading_failure,15,2026-07-07T19:43:07.651811+00:00,2026-07-07T19:49:17.289778+00:00,ok,,811,789,22,0.027127003699136867,21395.0,22398.0,22770.0,20100.0,2.3,,0.06915029344220465,124780544.0,0.01101237500552088,False,/Users/pavan-work/Desktop/projects/dissertation-chaos/gatling/target/gatling/ordersimulation-20260707194323794
bulkhead__cascading_failure__16,bulkhead,cascading_failure,16,2026-07-07T19:49:27.299934+00:00,2026-07-07T19:55:37.949406+00:00,ok,,813,793,20,0.024600246002460024,21246.0,22332.0,22666.0,20053.0,2.31,,0.02411825726141079,125829120.0,0.0043004170001950115,False,/Users/pavan-work/Desktop/projects/dissertation-chaos/gatling/target/gatling/ordersimulation-20260707194945224
bulkhead__cascading_failure__17,bulkhead,cascading_failure,17,2026-07-07T19:55:47.958287+00:00,2026-07-07T20:02:02.990043+00:00,ok,,812,795,17,0.020935960591133004,21278.0,22368.0,22782.0,20066.0,2.3,,0.02360248447204969,125829120.0,0.005721958994399756,False,/Users/pavan-work/Desktop/projects/dissertation-chaos/gatling/target/gatling/ordersimulation-20260707195608922
bulkhead__cascading_failure__18,bulkhead,cascading_failure,18,2026-07-07T20:02:12.994104+00:00,2026-07-07T20:08:19.356048+00:00,ok,,812,789,23,0.02832512315270936,21267.0,22352.0,22760.0,20061.0,2.31,,0.0213089802130898,126877696.0,0.006515749992104247,False,/Users/pavan-work/Desktop/projects/dissertation-chaos/gatling/target/gatling/ordersimulation-20260707200226920
bulkhead__cascading_failure__19,bulkhead,cascading_failure,19,2026-07-07T20:08:29.363992+00:00,2026-07-07T20:14:36.524248+00:00,ok,,811,790,21,0.025893958076448828,21259.0,22477.0,22963.0,20054.0,2.3,,0.018830525272547076,126877696.0,0.016046415999880992,False,/Users/pavan-work/Desktop/projects/dissertation-chaos/gatling/target/gatling/ordersimulation-20260707200843730
bulkhead__cascading_failure__20,bulkhead,cascading_failure,20,2026-07-07T20:14:46.533038+00:00,2026-07-07T20:20:59.500971+00:00,ok,,810,794,16,0.019753086419753086,21424.0,22409.0,22762.0,20134.0,2.29,,0.022738756947953513,126877696.0,0.004709832996013574,False,/Users/pavan-work/Desktop/projects/dissertation-chaos/gatling/target/gatling/ordersimulation-20260707201505646
retry__service_termination__01,retry,service_termination,1,2026-07-07T23:49:35.073692+00:00,2026-07-07T23:56:09.677691+00:00,ok,,469,0,469,1.0,30306.0,46310.0,46849.0,35625.0,1.25,,0.25,154140672.0,0.014716416015289724,False,/Users/pavan-work/Desktop/projects/dissertation-chaos/gatling/target/gatling/ordersimulation-20260707234953751
retry__service_termination__02,retry,service_termination,2,2026-07-07T23:56:19.689662+00:00,2026-07-08T00:02:49.843457+00:00,ok,,465,0,465,1.0,30189.0,46435.0,46610.0,35895.0,1.25,,0.049120042027843445,167772160.0,0.007582040998386219,False,/Users/pavan-work/Desktop/projects/dissertation-chaos/gatling/target/gatling/ordersimulation-20260707235635374
retry__service_termination__03,retry,service_termination,3,2026-07-08T00:02:59.851818+00:00,2026-07-08T00:09:22.933174+00:00,ok,,467,0,467,1.0,30144.0,46332.0,46705.0,35823.0,1.24,,0.10482019892884469,182452224.0,0.027502165990881622,False,/Users/pavan-work/Desktop/projects/dissertation-chaos/gatling/target/gatling/ordersimulation-20260708000305503
retry__service_termination__04,retry,service_termination,4,2026-07-08T00:09:32.944346+00:00,2026-07-08T00:16:02.439278+00:00,ok,,466,0,466,1.0,30107.0,46338.0,46552.0,35919.0,1.24,,0.029485887096774195,192937984.0,0.0067801669938489795,False,/Users/pavan-work/Desktop/projects/dissertation-chaos/gatling/target/gatling/ordersimulation-20260708000944650
retry__service_termination__05,retry,service_termination,5,2026-07-08T00:16:12.447540+00:00,2026-07-08T00:22:38.420406+00:00,ok,,474,0,474,1.0,30081.0,46399.0,46588.0,35341.0,1.26,,0.06792452830188679,201326592.0,0.008664416993269697,False,/Users/pavan-work/Desktop/projects/dissertation-chaos/gatling/target/gatling/ordersimulation-20260708001621268
retry__service_termination__06,retry,service_termination,6,2026-07-08T00:22:48.427274+00:00,2026-07-08T00:29:09.601163+00:00,ok,,466,0,466,1.0,30139.0,46448.0,46604.0,36013.0,1.24,,0.055142344190818156,200278016.0,0.004964374995324761,False,/Users/pavan-work/Desktop/projects/dissertation-chaos/gatling/target/gatling/ordersimulation-20260708002252119
retry__service_termination__07,retry,service_termination,7,2026-07-08T00:29:19.606484+00:00,2026-07-08T00:35:41.297858+00:00,ok,,472,0,472,1.0,30094.0,46302.0,46560.0,35364.0,1.26,,0.05902192242833053,206569472.0,0.01719562499783933,False,/Users/pavan-work/Desktop/projects/dissertation-chaos/gatling/target/gatling/ordersimulation-20260708002924109
retry__service_termination__08,retry,service_termination,8,2026-07-08T00:35:51.315116+00:00,2026-07-08T00:42:16.778351+00:00,ok,,467,0,467,1.0,30076.0,46301.0,46518.0,35750.0,1.25,,0.03843074459567654,207618048.0,0.009910833003232256,False,/Users/pavan-work/Desktop/projects/dissertation-chaos/gatling/target/gatling/ordersimulation-20260708003601664
retry__service_termination__09,retry,service_termination,9,2026-07-08T00:42:26.787013+00:00,2026-07-08T00:48:55.606603+00:00,ok,,471,0,471,1.0,30108.0,46111.0,46497.0,35454.0,1.25,,0.045626417948071596,205520896.0,0.01256154099246487,False,/Users/pavan-work/Desktop/projects/dissertation-chaos/gatling/target/gatling/ordersimulation-20260708004238520
retry__service_termination__10,retry,service_termination,10,2026-07-08T00:49:05.614468+00:00,2026-07-08T00:55:28.082501+00:00,ok,,474,0,474,1.0,30092.0,46112.0,46614.0,35073.0,1.26,,0.05074854097944684,210763776.0,0.04993858400848694,False,/Users/pavan-work/Desktop/projects/dissertation-chaos/gatling/target/gatling/ordersimulation-20260708004910788
retry__service_termination__11,retry,service_termination,11,2026-07-08T00:55:38.093150+00:00,2026-07-08T01:02:10.897447+00:00,ok,,465,0,465,1.0,30091.0,46331.0,46474.0,35853.0,1.24,,0.04151339989490278,210763776.0,0.01339037501020357,False,/Users/pavan-work/Desktop/projects/dissertation-chaos/gatling/target/gatling/ordersimulation-20260708005554098
retry__service_termination__12,retry,service_termination,12,2026-07-08T01:02:20.906102+00:00,2026-07-08T01:22:46.717960+00:00,ok,,469,0,469,1.0,30132.0,46300.0,46634.0,35644.0,1.26,,0.15195560253699789,209715192.0,6.018785332998959,True,/Users/pavan-work/Desktop/projects/dissertation-chaos/gatling/target/gatling/ordersimulation-20260708010226413
retry__service_termination__13,retry,service_termination,13,2026-07-08T01:22:56.731009+00:00,2026-07-08T03:09:16.597908+00:00,ok,,468,0,468,1.0,31197.0,45915.0,46557.0,35211.0,1.26,,0.15281501340482573,211812352.0,0.045280208985786885,False,/Users/pavan-work/Desktop/projects/dissertation-chaos/gatling/target/gatling/ordersimulation-20260708012311527
retry__service_termination__14,retry,service_termination,14,2026-07-08T03:23:12.640863+00:00,2026-07-08T05:08:15.663466+00:00,ok,,469,0,469,1.0,33871.0,46092.0,46521.0,35637.0,1.26,,0.036391594054331115,212860928.0,16.699678124976344,True,/Users/pavan-work/Desktop/projects/dissertation-chaos/gatling/target/gatling/ordersimulation-20260708032322657
retry__service_termination__15,retry,service_termination,15,2026-07-08T05:08:25.671564+00:00,2026-07-08T06:55:41.012933+00:00,ok,,465,0,465,1.0,34916.0,46108.0,46489.0,35683.0,1.24,,0.08446032151058944,210763776.0,15.757490999996662,True,/Users/pavan-work/Desktop/projects/dissertation-chaos/gatling/target/gatling/ordersimulation-20260708051041576
retry__service_termination__16,retry,service_termination,16,2026-07-08T06:55:51.025225+00:00,2026-07-08T08:28:51.354655+00:00,ok,,474,0,474,1.0,32729.0,46117.0,46539.0,35055.0,1.27,,0.06731259561448241,212860928.0,0.007061207987135276,False,/Users/pavan-work/Desktop/projects/dissertation-chaos/gatling/target/gatling/ordersimulation-20260708065600004
retry__service_termination__17,retry,service_termination,17,2026-07-08T08:37:42.444992+00:00,2026-07-08T10:15:44.945434+00:00,ok,,476,0,476,1.0,31540.0,46240.0,46491.0,35122.0,1.28,,0.031099802092168505,212860928.0,0.059972040995489806,False,/Users/pavan-work/Desktop/projects/dissertation-chaos/gatling/target/gatling/ordersimulation-20260708083747105
retry__service_termination__18,retry,service_termination,18,2026-07-08T10:15:54.959478+00:00,2026-07-08T11:39:44.253351+00:00,ok,,468,0,468,1.0,32981.0,45891.0,46464.0,35263.0,1.25,,0.04750137287204833,212860928.0,0.007306041021365672,False,/Users/pavan-work/Desktop/projects/dissertation-chaos/gatling/target/gatling/ordersimulation-20260708101608560
retry__service_termination__19,retry,service_termination,19,2026-07-08T11:39:54.261259+00:00,2026-07-08T11:46:17.176395+00:00,ok,,462,0,462,1.0,30094.0,46435.0,46591.0,36086.0,1.23,,0.03335005015045135,213909504.0,0.02398908301256597,False,/Users/pavan-work/Desktop/projects/dissertation-chaos/gatling/target/gatling/ordersimulation-20260708114002586
retry__service_termination__20,retry,service_termination,20,2026-07-08T11:46:27.185058+00:00,2026-07-08T11:52:48.323866+00:00,ok,,471,0,471,1.0,30072.0,46101.0,46478.0,35455.0,1.25,,0.035312180143295804,214958080.0,0.01150529200094752,False,/Users/pavan-work/Desktop/projects/dissertation-chaos/gatling/target/gatling/ordersimulation-20260708114631516
retry__latency_injection__01,retry,latency_injection,1,2026-07-08T11:52:58.334283+00:00,2026-07-08T11:59:02.004389+00:00,ok,,783,783,0,0.0,21878.0,23065.0,24614.0,20809.0,2.22,,0.05904556484227555,214958080.0,0.004756249982165173,False,/Users/pavan-work/Desktop/projects/dissertation-chaos/gatling/target/gatling/ordersimulation-20260708115309246
retry__latency_injection__02,retry,latency_injection,2,2026-07-08T11:59:12.006357+00:00,2026-07-08T12:05:10.951563+00:00,ok,,784,783,1,0.0012755102040816326,21896.0,23454.0,25170.0,20773.0,2.21,,0.02440304382051955,214958080.0,0.0063125840097200125,False,/Users/pavan-work/Desktop/projects/dissertation-chaos/gatling/target/gatling/ordersimulation-20260708115915607
retry__latency_injection__03,retry,latency_injection,3,2026-07-08T12:05:20.959551+00:00,2026-07-08T12:11:18.125981+00:00,ok,,792,792,0,0.0,21766.0,23315.0,25124.0,20648.0,2.24,,0.048171500630517027,211812352.0,0.009275749995140359,False,/Users/pavan-work/Desktop/projects/dissertation-chaos/gatling/target/gatling/ordersimulation-20260708120525193
retry__latency_injection__04,retry,latency_injection,4,2026-07-08T12:11:28.132969+00:00,2026-07-08T12:17:29.852997+00:00,ok,,787,787,0,0.0,21822.0,23321.0,24785.0,20734.0,2.23,,0.025653923541247486,213909504.0,0.02749404197675176,False,/Users/pavan-work/Desktop/projects/dissertation-chaos/gatling/target/gatling/ordersimulation-20260708121132123
retry__latency_injection__05,retry,latency_injection,5,2026-07-08T12:17:39.861652+00:00,2026-07-08T12:23:40.805738+00:00,ok,,789,788,1,0.0012674271229404308,21783.0,23442.0,24968.0,20654.0,2.24,,0.02604957005563986,211812352.0,0.03158820900716819,False,/Users/pavan-work/Desktop/projects/dissertation-chaos/gatling/target/gatling/ordersimulation-20260708121747730
retry__latency_injection__06,retry,latency_injection,6,2026-07-08T12:23:50.813468+00:00,2026-07-08T12:29:51.663628+00:00,ok,,788,787,1,0.0012690355329949238,21777.0,23417.0,25695.0,20689.0,2.24,,0.02028911995942176,216006656.0,0.010409458016511053,False,/Users/pavan-work/Desktop/projects/dissertation-chaos/gatling/target/gatling/ordersimulation-20260708122358666
retry__latency_injection__07,retry,latency_injection,7,2026-07-08T12:30:01.676070+00:00,2026-07-08T12:35:57.225630+00:00,ok,,784,783,1,0.0012755102040816326,21783.0,23463.0,25340.0,20758.0,2.23,,0.06229929351316634,214958080.0,0.004984250001143664,False,/Users/pavan-work/Desktop/projects/dissertation-chaos/gatling/target/gatling/ordersimulation-20260708123005507
retry__latency_injection__08,retry,latency_injection,8,2026-07-08T12:36:07.232885+00:00,2026-07-08T12:42:06.870733+00:00,ok,,783,783,0,0.0,21907.0,24248.0,25610.0,20875.0,2.21,,0.025273579989577907,214958080.0,0.03000645901192911,False,/Users/pavan-work/Desktop/projects/dissertation-chaos/gatling/target/gatling/ordersimulation-20260708123611308
retry__latency_injection__09,retry,latency_injection,9,2026-07-08T12:42:16.881814+00:00,2026-07-08T12:48:17.393475+00:00,ok,,792,791,1,0.0012626262626262627,21732.0,22845.0,24593.0,20554.0,2.25,,0.017349761126477244,214958080.0,0.004459874995518476,False,/Users/pavan-work/Desktop/projects/dissertation-chaos/gatling/target/gatling/ordersimulation-20260708124225043
retry__latency_injection__10,retry,latency_injection,10,2026-07-08T12:48:27.401415+00:00,2026-07-08T12:54:24.405114+00:00,ok,,794,794,0,0.0,21604.0,23390.0,24365.0,20526.0,2.26,,0.023046092184368736,214958080.0,0.021241833019303158,False,/Users/pavan-work/Desktop/projects/dissertation-chaos/gatling/target/gatling/ordersimulation-20260708124831025
retry__latency_injection__11,retry,latency_injection,11,2026-07-08T12:54:34.419902+00:00,2026-07-08T13:00:32.535527+00:00,ok,,788,788,0,0.0,21734.0,23816.0,25305.0,20715.0,2.23,,0.023472993437657748,213909504.0,0.026639375020749867,False,/Users/pavan-work/Desktop/projects/dissertation-chaos/gatling/target/gatling/ordersimulation-20260708125438445
retry__latency_injection__12,retry,latency_injection,12,2026-07-08T13:00:42.547449+00:00,2026-07-08T13:06:43.177983+00:00,ok,,790,790,0,0.0,21694.0,23124.0,24458.0,20632.0,2.24,,0.015446948594580906,213909504.0,0.008996124990517274,False,/Users/pavan-work/Desktop/projects/dissertation-chaos/gatling/target/gatling/ordersimulation-20260708130050602
retry__latency_injection__13,retry,latency_injection,13,2026-07-08T13:06:53.183355+00:00,2026-07-08T13:12:52.132739+00:00,ok,,791,790,1,0.0012642225031605564,21758.0,23843.0,26035.0,20694.0,2.23,,0.028657616892911013,217055232.0,0.020377667009597644,False,/Users/pavan-work/Desktop/projects/dissertation-chaos/gatling/target/gatling/ordersimulation-20260708130656933
retry__latency_injection__14,retry,latency_injection,14,2026-07-08T13:13:02.143886+00:00,2026-07-08T13:18:57.994581+00:00,ok,,795,795,0,0.0,21614.0,22886.0,24039.0,20490.0,2.26,,0.01830032589621459,214958080.0,0.013574833981692791,False,/Users/pavan-work/Desktop/projects/dissertation-chaos/gatling/target/gatling/ordersimulation-20260708131305813
retry__latency_injection__15,retry,latency_injection,15,2026-07-08T13:19:08.001446+00:00,2026-07-08T13:25:08.905233+00:00,ok,,788,788,0,0.0,21820.0,23264.0,24637.0,20665.0,2.23,,0.01735412474849095,216006656.0,0.0043944999924860895,False,/Users/pavan-work/Desktop/projects/dissertation-chaos/gatling/target/gatling/ordersimulation-20260708131915490
retry__latency_injection__16,retry,latency_injection,16,2026-07-08T13:25:18.917383+00:00,2026-07-08T13:31:19.173576+00:00,ok,,792,792,0,0.0,21674.0,23113.0,25213.0,20582.0,2.25,,0.01607552947180403,214958080.0,0.007024417020147666,False,/Users/pavan-work/Desktop/projects/dissertation-chaos/gatling/target/gatling/ordersimulation-20260708132526254
retry__latency_injection__17,retry,latency_injection,17,2026-07-08T13:31:29.186781+00:00,2026-07-08T13:37:26.740136+00:00,ok,,795,795,0,0.0,21661.0,23103.0,24299.0,20495.0,2.25,,0.015558343789209537,217055232.0,0.006684207997750491,False,/Users/pavan-work/Desktop/projects/dissertation-chaos/gatling/target/gatling/ordersimulation-20260708133133655
retry__latency_injection__18,retry,latency_injection,18,2026-07-08T13:37:36.745160+00:00,2026-07-08T13:43:32.890363+00:00,ok,,794,794,0,0.0,21585.0,23032.0,24417.0,20504.0,2.26,,0.01648634724368882,216006656.0,0.03405504100373946,False,/Users/pavan-work/Desktop/projects/dissertation-chaos/gatling/target/gatling/ordersimulation-20260708133741073
retry__latency_injection__19,retry,latency_injection,19,2026-07-08T13:43:42.897218+00:00,2026-07-08T13:49:43.776273+00:00,ok,,788,788,0,0.0,21781.0,23098.0,24020.0,20657.0,2.25,,0.013427919939194325,214958080.0,0.0048386249982286245,False,/Users/pavan-work/Desktop/projects/dissertation-chaos/gatling/target/gatling/ordersimulation-20260708134352166
retry__latency_injection__20,retry,latency_injection,20,2026-07-08T13:49:53.782160+00:00,2026-07-08T13:55:50.235786+00:00,ok,,795,794,1,0.0012578616352201257,21609.0,22860.0,24062.0,20484.0,2.26,,0.035184719778838906,217055232.0,0.012895291001768783,False,/Users/pavan-work/Desktop/projects/dissertation-chaos/gatling/target/gatling/ordersimulation-20260708134957480
retry__partial_failure__01,retry,partial_failure,1,2026-07-08T13:56:00.243657+00:00,2026-07-08T14:01:46.886358+00:00,ok,,1497,1497,0,0.0,11093.0,12385.0,14479.0,10710.0,4.38,,0.03763030765319095,217055232.0,0.029661750013474375,False,/Users/pavan-work/Desktop/projects/dissertation-chaos/gatling/target/gatling/ordersimulation-20260708135604064
retry__partial_failure__02,retry,partial_failure,2,2026-07-08T14:01:56.897257+00:00,2026-07-08T14:07:47.814645+00:00,ok,,1509,1509,0,0.0,11013.0,12047.0,14004.0,10623.0,4.41,,0.025332330072736393,212860928.0,0.03381662501487881,False,/Users/pavan-work/Desktop/projects/dissertation-chaos/gatling/target/gatling/ordersimulation-20260708140205004
retry__partial_failure__03,retry,partial_failure,3,2026-07-08T14:07:57.827289+00:00,2026-07-08T14:13:48.318124+00:00,ok,,1474,1474,0,0.0,11127.0,13105.0,15192.0,10882.0,4.31,,0.027061203844208397,217055232.0,0.006781375006539747,False,/Users/pavan-work/Desktop/projects/dissertation-chaos/gatling/target/gatling/ordersimulation-20260708140805840
retry__partial_failure__04,retry,partial_failure,4,2026-07-08T14:13:58.327297+00:00,2026-07-08T14:19:46.451626+00:00,ok,,1506,1506,0,0.0,11086.0,12405.0,14126.0,10666.0,4.39,,0.04143947655398037,213909504.0,0.016027624980779365,False,/Users/pavan-work/Desktop/projects/dissertation-chaos/gatling/target/gatling/ordersimulation-20260708141402359
retry__partial_failure__05,retry,partial_failure,5,2026-07-08T14:19:56.461150+00:00,2026-07-08T14:25:47.458851+00:00,ok,,1487,1487,0,0.0,11109.0,12358.0,14333.0,10776.0,4.35,,0.053870292887029284,216006656.0,0.006792665983084589,False,/Users/pavan-work/Desktop/projects/dissertation-chaos/gatling/target/gatling/ordersimulation-20260708142003959
retry__partial_failure__06,retry,partial_failure,6,2026-07-08T14:25:57.467810+00:00,2026-07-08T14:31:46.803518+00:00,ok,,1489,1489,0,0.0,11147.0,12554.0,14453.0,10776.0,4.33,,0.03386853988961365,214958080.0,0.014190250018145889,False,/Users/pavan-work/Desktop/projects/dissertation-chaos/gatling/target/gatling/ordersimulation-20260708142601626
retry__partial_failure__07,retry,partial_failure,7,2026-07-08T14:31:56.813667+00:00,2026-07-08T14:37:48.013696+00:00,ok,,1493,1493,0,0.0,11119.0,12647.0,14718.0,10745.0,4.34,,0.014914054600606673,217055232.0,0.01532145802048035,False,/Users/pavan-work/Desktop/projects/dissertation-chaos/gatling/target/gatling/ordersimulation-20260708143203655
retry__partial_failure__08,retry,partial_failure,8,2026-07-08T14:37:58.029360+00:00,2026-07-08T14:43:50.294081+00:00,ok,,1467,1467,0,0.0,11168.0,13184.0,15144.0,10917.0,4.3,,0.03522012578616353,217055232.0,0.006372832984197885,False,/Users/pavan-work/Desktop/projects/dissertation-chaos/gatling/target/gatling/ordersimulation-20260708143807995
retry__partial_failure__09,retry,partial_failure,9,2026-07-08T14:44:00.301866+00:00,2026-07-08T14:49:50.884364+00:00,ok,,1480,1480,0,0.0,11203.0,12828.0,14905.0,10857.0,4.28,,0.03347596274855273,212860928.0,0.01136095798574388,False,/Users/pavan-work/Desktop/projects/dissertation-chaos/gatling/target/gatling/ordersimulation-20260708144404293
retry__partial_failure__10,retry,partial_failure,10,2026-07-08T14:50:00.905964+00:00,2026-07-08T14:56:02.529402+00:00,ok,,1477,1477,0,0.0,11203.0,12199.0,14216.0,10857.0,4.32,,0.04219409282700422,212860928.0,0.006837666005594656,False,/Users/pavan-work/Desktop/projects/dissertation-chaos/gatling/target/gatling/ordersimulation-20260708145018204
retry__partial_failure__11,retry,partial_failure,11,2026-07-08T14:56:12.537365+00:00,2026-07-08T15:02:01.167777+00:00,ok,,1492,1492,0,0.0,11150.0,12662.0,14362.0,10751.0,4.36,,0.04234938240483993,216006656.0,0.02649341698270291,False,/Users/pavan-work/Desktop/projects/dissertation-chaos/gatling/target/gatling/ordersimulation-20260708145617872
retry__partial_failure__12,retry,partial_failure,12,2026-07-08T15:02:11.173302+00:00,2026-07-08T15:08:08.409449+00:00,ok,,1455,1455,0,0.0,11257.0,13363.0,15060.0,11021.0,4.23,,0.03691813804173355,216006656.0,0.02862595798796974,False,/Users/pavan-work/Desktop/projects/dissertation-chaos/gatling/target/gatling/ordersimulation-20260708150222733
retry__partial_failure__13,retry,partial_failure,13,2026-07-08T15:08:18.420663+00:00,2026-07-08T15:14:07.968623+00:00,ok,,1467,1467,0,0.0,11279.0,13123.0,14971.0,10922.0,4.3,,0.037009063444108765,216006656.0,0.013890416012145579,False,/Users/pavan-work/Desktop/projects/dissertation-chaos/gatling/target/gatling/ordersimulation-20260708150825740
retry__partial_failure__14,retry,partial_failure,14,2026-07-08T15:14:17.977867+00:00,2026-07-08T15:20:06.293475+00:00,ok,,1469,1469,0,0.0,11261.0,13028.0,15229.0,10911.0,4.31,,0.03584328980272298,216006656.0,0.04095083300489932,False,/Users/pavan-work/Desktop/projects/dissertation-chaos/gatling/target/gatling/ordersimulation-20260708151423530
retry__partial_failure__15,retry,partial_failure,15,2026-07-08T15:20:16.306653+00:00,2026-07-08T15:26:12.456511+00:00,ok,,1469,1469,0,0.0,11239.0,13011.0,14850.0,10919.0,4.3,,0.06116207951070336,213909504.0,0.04364124999847263,False,/Users/pavan-work/Desktop/projects/dissertation-chaos/gatling/target/gatling/ordersimulation-20260708152028920
retry__partial_failure__16,retry,partial_failure,16,2026-07-08T15:26:22.467876+00:00,2026-07-08T15:32:19.113124+00:00,ok,,1483,1483,0,0.0,11146.0,12584.0,14722.0,10803.0,4.34,,0.033367822038282466,210763776.0,0.010456209012772888,False,/Users/pavan-work/Desktop/projects/dissertation-chaos/gatling/target/gatling/ordersimulation-20260708152635655
retry__partial_failure__17,retry,partial_failure,17,2026-07-08T15:32:29.120767+00:00,2026-07-08T15:38:23.856874+00:00,ok,,1484,1484,0,0.0,11150.0,12791.0,15165.0,10830.0,4.3,,0.03455497382198953,214958080.0,0.019680208002682775,False,/Users/pavan-work/Desktop/projects/dissertation-chaos/gatling/target/gatling/ordersimulation-20260708153237248
retry__partial_failure__18,retry,partial_failure,18,2026-07-08T15:38:33.867700+00:00,2026-07-08T15:44:32.451288+00:00,ok,,1475,1475,0,0.0,11189.0,12964.0,14823.0,10865.0,4.31,,0.028003140539125886,211812352.0,0.010612540994770825,False,/Users/pavan-work/Desktop/projects/dissertation-chaos/gatling/target/gatling/ordersimulation-20260708153849318
retry__partial_failure__19,retry,partial_failure,19,2026-07-08T15:44:42.460003+00:00,2026-07-08T15:50:32.604595+00:00,ok,,1483,1483,0,0.0,11185.0,12930.0,14748.0,10835.0,4.32,,0.051570079142200666,214958080.0,0.021259291999740526,False,/Users/pavan-work/Desktop/projects/dissertation-chaos/gatling/target/gatling/ordersimulation-20260708154447845
retry__partial_failure__20,retry,partial_failure,20,2026-07-08T15:50:42.614204+00:00,2026-07-08T15:56:44.279824+00:00,ok,,1450,1450,0,0.0,11381.0,13495.0,15432.0,11061.0,4.24,,0.04351106639839034,216006656.0,0.01581570800044574,False,/Users/pavan-work/Desktop/projects/dissertation-chaos/gatling/target/gatling/ordersimulation-20260708155059607
retry__cascading_failure__01,retry,cascading_failure,1,2026-07-08T15:56:54.290545+00:00,2026-07-08T16:03:02.001807+00:00,ok,,789,789,0,0.0,21846.0,23376.0,24952.0,20687.0,2.24,,0.021659707724425888,214958080.0,0.023957124998560175,False,/Users/pavan-work/Desktop/projects/dissertation-chaos/gatling/target/gatling/ordersimulation-20260708155708644
retry__cascading_failure__02,retry,cascading_failure,2,2026-07-08T16:03:12.009636+00:00,2026-07-08T16:09:23.486848+00:00,ok,,798,796,2,0.002506265664160401,21638.0,23037.0,24924.0,20480.0,2.27,,0.02064516129032258,214958080.0,0.007867124979384243,False,/Users/pavan-work/Desktop/projects/dissertation-chaos/gatling/target/gatling/ordersimulation-20260708160330170
retry__cascading_failure__03,retry,cascading_failure,3,2026-07-08T16:09:33.495151+00:00,2026-07-08T16:15:46.286581+00:00,ok,,788,787,1,0.0012690355329949238,21718.0,24400.0,26505.0,20770.0,2.22,,0.06172839506172839,216006656.0,0.037044875003630295,False,/Users/pavan-work/Desktop/projects/dissertation-chaos/gatling/target/gatling/ordersimulation-20260708160949904
retry__cascading_failure__04,retry,cascading_failure,4,2026-07-08T16:15:56.301219+00:00,2026-07-08T16:22:15.413687+00:00,ok,,786,786,0,0.0,21884.0,23333.0,25249.0,20760.0,2.23,,0.026898734177215188,213909504.0,0.03081145801115781,False,/Users/pavan-work/Desktop/projects/dissertation-chaos/gatling/target/gatling/ordersimulation-20260708161620669
retry__cascading_failure__05,retry,cascading_failure,5,2026-07-08T16:22:25.427410+00:00,2026-07-08T16:28:35.809000+00:00,ok,,796,796,0,0.0,21647.0,22735.0,23978.0,20479.0,2.26,,0.02014098690835851,214958080.0,0.007812833995558321,False,/Users/pavan-work/Desktop/projects/dissertation-chaos/gatling/target/gatling/ordersimulation-20260708162243027
retry__cascading_failure__06,retry,cascading_failure,6,2026-07-08T16:28:45.816817+00:00,2026-07-08T16:34:56.239954+00:00,ok,,785,785,0,0.0,21830.0,23741.0,25416.0,20773.0,2.23,,0.023012017386857583,214958080.0,0.016300124989356846,False,/Users/pavan-work/Desktop/projects/dissertation-chaos/gatling/target/gatling/ordersimulation-20260708162901428
retry__cascading_failure__07,retry,cascading_failure,7,2026-07-08T16:35:06.249800+00:00,2026-07-08T16:41:26.134519+00:00,ok,,783,781,2,0.002554278416347382,21765.0,23999.0,25813.0,20814.0,2.22,,0.07375271149674621,217055232.0,0.006100333004724234,False,/Users/pavan-work/Desktop/projects/dissertation-chaos/gatling/target/gatling/ordersimulation-20260708163532529
retry__cascading_failure__08,retry,cascading_failure,8,2026-07-08T16:41:36.142756+00:00,2026-07-08T16:47:45.821119+00:00,ok,,780,779,1,0.001282051282051282,21950.0,23840.0,25797.0,20876.0,2.22,,0.023538344722854973,216006656.0,0.05693262501154095,False,/Users/pavan-work/Desktop/projects/dissertation-chaos/gatling/target/gatling/ordersimulation-20260708164152118
retry__cascading_failure__09,retry,cascading_failure,9,2026-07-08T16:47:55.839024+00:00,2026-07-08T16:54:14.727774+00:00,ok,,788,788,0,0.0,21745.0,23586.0,25403.0,20699.0,2.24,,0.05834394904458599,217055232.0,0.030043709004530683,False,/Users/pavan-work/Desktop/projects/dissertation-chaos/gatling/target/gatling/ordersimulation-20260708164819632
retry__cascading_failure__10,retry,cascading_failure,10,2026-07-08T16:54:24.740250+00:00,2026-07-08T17:00:33.210262+00:00,ok,,793,792,1,0.0012610340479192938,21639.0,23375.0,25032.0,20521.0,2.25,,0.039270331897643784,214958080.0,0.00936170801287517,False,/Users/pavan-work/Desktop/projects/dissertation-chaos/gatling/target/gatling/ordersimulation-20260708165440413
retry__cascading_failure__11,retry,cascading_failure,11,2026-07-08T17:00:43.213883+00:00,2026-07-08T17:07:00.975179+00:00,ok,,786,785,1,0.001272264631043257,21841.0,23464.0,25363.0,20726.0,2.23,,0.017934921854983348,212860928.0,0.04764800000702962,False,/Users/pavan-work/Desktop/projects/dissertation-chaos/gatling/target/gatling/ordersimulation-20260708170105752
retry__cascading_failure__12,retry,cascading_failure,12,2026-07-08T17:07:10.981462+00:00,2026-07-08T17:13:21.772721+00:00,ok,,788,788,0,0.0,21774.0,23201.0,24990.0,20701.0,2.23,,0.015206185567010309,217055232.0,0.07591325000976212,False,/Users/pavan-work/Desktop/projects/dissertation-chaos/gatling/target/gatling/ordersimulation-20260708170727351
retry__cascading_failure__13,retry,cascading_failure,13,2026-07-08T17:13:31.786167+00:00,2026-07-08T17:19:47.993197+00:00,ok,,778,778,0,0.0,21950.0,23614.0,25249.0,20943.0,2.2,,0.03689378161261529,213909504.0,0.006061458989279345,False,/Users/pavan-work/Desktop/projects/dissertation-chaos/gatling/target/gatling/ordersimulation-20260708171354043
retry__cascading_failure__14,retry,cascading_failure,14,2026-07-08T17:19:58.002443+00:00,2026-07-08T17:26:08.605059+00:00,ok,,791,791,0,0.0,21733.0,23055.0,24754.0,20640.0,2.24,,0.022733013387218993,216006656.0,0.034054749994538724,False,/Users/pavan-work/Desktop/projects/dissertation-chaos/gatling/target/gatling/ordersimulation-20260708172013350
retry__cascading_failure__15,retry,cascading_failure,15,2026-07-08T17:26:18.630718+00:00,2026-07-08T17:32:44.692159+00:00,ok,,775,775,0,0.0,22095.0,24149.0,26241.0,21061.0,2.19,,0.06920519794499849,214958080.0,0.06555699999444187,False,/Users/pavan-work/Desktop/projects/dissertation-chaos/gatling/target/gatling/ordersimulation-20260708172648064
retry__cascading_failure__16,retry,cascading_failure,16,2026-07-08T17:32:54.707494+00:00,2026-07-08T17:39:13.143864+00:00,ok,,791,791,0,0.0,21759.0,22903.0,23990.0,20641.0,2.24,,0.022391857506361322,217055224.0,0.00614441602374427,False,/Users/pavan-work/Desktop/projects/dissertation-chaos/gatling/target/gatling/ordersimulation-20260708173318872
retry__cascading_failure__17,retry,cascading_failure,17,2026-07-08T17:39:23.147473+00:00,2026-07-08T17:45:36.089727+00:00,ok,,786,786,0,0.0,21768.0,22972.0,24526.0,20719.0,2.23,,0.02557544757033248,216006656.0,0.0052936249994672835,False,/Users/pavan-work/Desktop/projects/dissertation-chaos/gatling/target/gatling/ordersimulation-20260708173942321
retry__cascading_failure__18,retry,cascading_failure,18,2026-07-08T17:45:46.101811+00:00,2026-07-08T17:51:53.443593+00:00,ok,,788,788,0,0.0,21847.0,23426.0,25824.0,20703.0,2.23,,0.01804059133049361,212860928.0,0.006184917001519352,False,/Users/pavan-work/Desktop/projects/dissertation-chaos/gatling/target/gatling/ordersimulation-20260708174600239
retry__cascading_failure__19,retry,cascading_failure,19,2026-07-08T17:52:03.456398+00:00,2026-07-08T17:58:10.736400+00:00,ok,,793,793,0,0.0,21724.0,23125.0,24523.0,20566.0,2.25,,0.014702154626108998,216006656.0,0.012947249982971698,False,/Users/pavan-work/Desktop/projects/dissertation-chaos/gatling/target/gatling/ordersimulation-20260708175217434
retry__cascading_failure__20,retry,cascading_failure,20,2026-07-08T17:58:20.748694+00:00,2026-07-08T18:04:30.496583+00:00,ok,,792,791,1,0.0012626262626262627,21648.0,23140.0,24618.0,20560.0,2.25,,0.04421424962102072,213909504.0,0.0165154580026865,False,/Users/pavan-work/Desktop/projects/dissertation-chaos/gatling/target/gatling/ordersimulation-20260708175837864
combined__service_termination__01,combined,service_termination,1,2026-07-08T18:33:23.138428+00:00,2026-07-08T18:39:27.128133+00:00,ok,,1978,0,1978,1.0,7734.0,9693.0,12632.0,8066.0,5.85,,0.08522004578987535,60817408.0,20.201141583005665,True,/Users/pavan-work/Desktop/projects/dissertation-chaos/gatling/target/gatling/ordersimulation-20260708183328219
combined__service_termination__02,combined,service_termination,2,2026-07-08T18:39:37.143265+00:00,2026-07-08T18:45:41.769382+00:00,ok,,1973,0,1973,1.0,7707.0,9646.0,12576.0,8068.0,5.85,,0.05726872246696035,66060288.0,18.463006375008263,True,/Users/pavan-work/Desktop/projects/dissertation-chaos/gatling/target/gatling/ordersimulation-20260708183945263
combined__service_termination__03,combined,service_termination,3,2026-07-08T18:45:51.775886+00:00,2026-07-08T18:51:49.912603+00:00,ok,,2002,0,2002,1.0,7687.0,9472.0,12549.0,7956.0,5.94,,0.061628201876743595,65011712.0,16.006881082983455,True,/Users/pavan-work/Desktop/projects/dissertation-chaos/gatling/target/gatling/ordersimulation-20260708184556037
combined__service_termination__04,combined,service_termination,4,2026-07-08T18:51:59.923877+00:00,2026-07-08T18:58:00.936422+00:00,ok,,1998,0,1998,1.0,7659.0,9528.0,12556.0,7985.0,5.91,,0.05132788559754852,65011712.0,18.4301214159932,True,/Users/pavan-work/Desktop/projects/dissertation-chaos/gatling/target/gatling/ordersimulation-20260708185203781
combined__service_termination__05,combined,service_termination,5,2026-07-08T18:58:10.945082+00:00,2026-07-08T19:04:16.353331+00:00,ok,,1949,0,1949,1.0,7754.0,10489.0,12554.0,8192.0,5.77,,0.04237074401008827,67108864.0,18.127819666988216,True,/Users/pavan-work/Desktop/projects/dissertation-chaos/gatling/target/gatling/ordersimulation-20260708185819119
combined__service_termination__06,combined,service_termination,6,2026-07-08T19:04:26.367979+00:00,2026-07-08T19:10:26.614028+00:00,ok,,2005,0,2005,1.0,7669.0,9260.0,12553.0,7954.0,5.93,,0.03660691744508962,67108864.0,13.928439874987816,True,/Users/pavan-work/Desktop/projects/dissertation-chaos/gatling/target/gatling/ordersimulation-20260708190434254
combined__service_termination__07,combined,service_termination,7,2026-07-08T19:10:36.627209+00:00,2026-07-08T19:16:36.325664+00:00,ok,,2021,0,2021,1.0,7650.0,9183.0,12571.0,7884.0,6.0,,0.04635258358662614,67108864.0,18.04630937500042,True,/Users/pavan-work/Desktop/projects/dissertation-chaos/gatling/target/gatling/ordersimulation-20260708191040331
combined__service_termination__08,combined,service_termination,8,2026-07-08T19:16:46.338277+00:00,2026-07-08T19:22:46.762510+00:00,ok,,1989,0,1989,1.0,7719.0,9846.0,12556.0,8006.0,5.88,,0.025119316754584276,67108864.0,17.37716937501682,True,/Users/pavan-work/Desktop/projects/dissertation-chaos/gatling/target/gatling/ordersimulation-20260708191650326
combined__service_termination__09,combined,service_termination,9,2026-07-08T19:22:56.778027+00:00,2026-07-08T19:29:00.804065+00:00,ok,,1955,0,1955,1.0,7819.0,10243.0,12555.0,8150.0,5.8,,0.03337515683814304,67108864.0,18.055860624997877,True,/Users/pavan-work/Desktop/projects/dissertation-chaos/gatling/target/gatling/ordersimulation-20260708192304646
combined__service_termination__10,combined,service_termination,10,2026-07-08T19:29:10.817989+00:00,2026-07-08T19:35:11.292331+00:00,ok,,1976,0,1976,1.0,7683.0,10477.0,12570.0,8077.0,5.85,,0.03499496475327291,67108864.0,13.89448279098724,True,/Users/pavan-work/Desktop/projects/dissertation-chaos/gatling/target/gatling/ordersimulation-20260708192918737
combined__service_termination__11,combined,service_termination,11,2026-07-08T19:35:21.297433+00:00,2026-07-08T19:41:21.569887+00:00,ok,,1979,0,1979,1.0,7701.0,10090.0,12553.0,8062.0,5.86,,0.03942380591357089,65011712.0,18.141243499994744,True,/Users/pavan-work/Desktop/projects/dissertation-chaos/gatling/target/gatling/ordersimulation-20260708193525009
combined__service_termination__12,combined,service_termination,12,2026-07-08T19:41:31.578814+00:00,2026-07-08T19:47:31.393243+00:00,ok,,1981,0,1981,1.0,7703.0,10080.0,12877.0,8030.0,5.88,,0.02814070351758794,66060288.0,17.89893724999274,True,/Users/pavan-work/Desktop/projects/dissertation-chaos/gatling/target/gatling/ordersimulation-20260708194135649
combined__service_termination__13,combined,service_termination,13,2026-07-08T19:47:41.406025+00:00,2026-07-08T19:53:45.780939+00:00,ok,,1981,0,1981,1.0,7676.0,10337.0,12561.0,8057.0,5.86,,0.03750646663217796,76546048.0,16.987141749996226,True,/Users/pavan-work/Desktop/projects/dissertation-chaos/gatling/target/gatling/ordersimulation-20260708194749858
combined__service_termination__14,combined,service_termination,14,2026-07-08T19:53:55.795102+00:00,2026-07-08T20:00:01.698239+00:00,ok,,1976,0,1976,1.0,7687.0,10373.0,12576.0,8064.0,5.85,,0.03464725081596786,69206016.0,18.05056129200966,True,/Users/pavan-work/Desktop/projects/dissertation-chaos/gatling/target/gatling/ordersimulation-20260708195404736
combined__service_termination__15,combined,service_termination,15,2026-07-08T20:00:11.703698+00:00,2026-07-08T20:06:06.456564+00:00,ok,,2030,0,2030,1.0,7623.0,9414.0,12567.0,7858.0,6.01,,0.032641700404858295,69206016.0,12.018967167008668,True,/Users/pavan-work/Desktop/projects/dissertation-chaos/gatling/target/gatling/ordersimulation-20260708200015758
combined__service_termination__16,combined,service_termination,16,2026-07-08T20:06:16.467944+00:00,2026-07-08T20:12:15.695942+00:00,ok,,1990,0,1990,1.0,7679.0,9507.0,12599.0,8019.0,5.89,,0.034326097930338216,84934656.0,16.046614624996437,True,/Users/pavan-work/Desktop/projects/dissertation-chaos/gatling/target/gatling/ordersimulation-20260708200620477
combined__service_termination__17,combined,service_termination,17,2026-07-08T20:12:25.705228+00:00,2026-07-08T20:18:40.120825+00:00,ok,,1982,0,1982,1.0,7749.0,9645.0,12625.0,8045.0,5.85,,0.07325220711047482,88080384.0,17.89693029198679,True,/Users/pavan-work/Desktop/projects/dissertation-chaos/gatling/target/gatling/ordersimulation-20260708201240403
combined__service_termination__18,combined,service_termination,18,2026-07-08T20:18:50.137959+00:00,2026-07-08T20:25:06.535229+00:00,ok,,1978,0,1978,1.0,7807.0,9508.0,12643.0,8066.0,5.85,,0.09985475671750181,83886080.0,16.030452459002845,True,/Users/pavan-work/Desktop/projects/dissertation-chaos/gatling/target/gatling/ordersimulation-20260708201910396
combined__service_termination__19,combined,service_termination,19,2026-07-08T20:25:16.548274+00:00,2026-07-08T20:31:15.931090+00:00,ok,,2020,0,2020,1.0,7668.0,9311.0,13368.0,7882.0,5.98,,0.08125151588649042,85983232.0,14.866101750027156,True,/Users/pavan-work/Desktop/projects/dissertation-chaos/gatling/target/gatling/ordersimulation-20260708202522226
combined__service_termination__20,combined,service_termination,20,2026-07-08T20:31:25.949189+00:00,2026-07-08T20:37:40.654793+00:00,ok,,1980,0,1980,1.0,7716.0,10414.0,12597.0,8055.0,5.86,,0.051409185803757834,87031808.0,19.355898292007623,True,/Users/pavan-work/Desktop/projects/dissertation-chaos/gatling/target/gatling/ordersimulation-20260708203140348
combined__latency_injection__01,combined,latency_injection,1,2026-07-08T20:37:50.668730+00:00,2026-07-08T20:44:01.147712+00:00,ok,,877,679,198,0.22576966932725198,21517.0,24750.0,27359.0,18648.0,2.48,,0.14796450939457204,89128960.0,0.010858082998311147,False,/Users/pavan-work/Desktop/projects/dissertation-chaos/gatling/target/gatling/ordersimulation-20260708203805668
combined__latency_injection__02,combined,latency_injection,2,2026-07-08T20:44:11.160708+00:00,2026-07-08T20:50:12.325314+00:00,ok,,766,766,0,0.0,22185.0,25461.0,27688.0,21275.0,2.16,,0.050596782563570315,87031808.0,0.00800445899949409,False,/Users/pavan-work/Desktop/projects/dissertation-chaos/gatling/target/gatling/ordersimulation-20260708204416516
combined__latency_injection__03,combined,latency_injection,3,2026-07-08T20:50:22.338513+00:00,2026-07-08T20:56:23.514810+00:00,ok,,775,774,1,0.0012903225806451613,22151.0,24420.0,26497.0,21091.0,2.19,,0.07239014478028956,87031808.0,0.045240042003570125,False,/Users/pavan-work/Desktop/projects/dissertation-chaos/gatling/target/gatling/ordersimulation-20260708205027706
combined__latency_injection__04,combined,latency_injection,4,2026-07-08T20:56:33.528603+00:00,2026-07-08T21:02:51.654106+00:00,ok,,764,763,1,0.0013089005235602095,22203.0,24953.0,27044.0,21340.0,2.16,,0.048761807505744194,84934656.0,0.04532049997942522,False,/Users/pavan-work/Desktop/projects/dissertation-chaos/gatling/target/gatling/ordersimulation-20260708205655411
combined__latency_injection__05,combined,latency_injection,5,2026-07-08T21:03:01.669765+00:00,2026-07-08T21:11:45.407515+00:00,ok,,764,763,1,0.0013089005235602095,22218.0,25591.0,27127.0,21370.0,2.15,,0.2234141791044776,85983232.0,0.03068770800018683,False,/Users/pavan-work/Desktop/projects/dissertation-chaos/gatling/target/gatling/ordersimulation-20260708210322271
combined__latency_injection__06,combined,latency_injection,6,2026-07-08T21:11:55.435770+00:00,2026-07-08T21:18:18.768730+00:00,ok,,785,785,0,0.0,21892.0,23245.0,25070.0,20760.0,2.24,,0.05151175811870101,85983232.0,0.011884833016665652,False,/Users/pavan-work/Desktop/projects/dissertation-chaos/gatling/target/gatling/ordersimulation-20260708211225229
combined__latency_injection__07,combined,latency_injection,7,2026-07-08T21:18:28.777036+00:00,2026-07-08T21:24:29.784589+00:00,ok,,769,768,1,0.0013003901170351106,22243.0,24513.0,26490.0,21223.0,2.18,,0.03892045454545455,87031808.0,0.015048917004605755,False,/Users/pavan-work/Desktop/projects/dissertation-chaos/gatling/target/gatling/ordersimulation-20260708211836916
combined__latency_injection__08,combined,latency_injection,8,2026-07-08T21:24:39.792669+00:00,2026-07-08T21:30:39.429145+00:00,ok,,793,793,0,0.0,21715.0,23052.0,24593.0,20562.0,2.23,,0.01641828744632483,87031808.0,0.014374249993124977,False,/Users/pavan-work/Desktop/projects/dissertation-chaos/gatling/target/gatling/ordersimulation-20260708212443882
combined__latency_injection__09,combined,latency_injection,9,2026-07-08T21:30:49.440054+00:00,2026-07-08T21:36:49.507960+00:00,ok,,783,782,1,0.001277139208173691,22035.0,23508.0,25667.0,20801.0,2.22,,0.02877334679454821,87031808.0,0.010065749986097217,False,/Users/pavan-work/Desktop/projects/dissertation-chaos/gatling/target/gatling/ordersimulation-20260708213057151
combined__latency_injection__10,combined,latency_injection,10,2026-07-08T21:36:59.513045+00:00,2026-07-08T21:42:56.290911+00:00,ok,,799,799,0,0.0,21540.0,22933.0,24470.0,20403.0,2.28,,0.019924337957124845,83886080.0,0.034356833988567814,False,/Users/pavan-work/Desktop/projects/dissertation-chaos/gatling/target/gatling/ordersimulation-20260708213703459
combined__latency_injection__11,combined,latency_injection,11,2026-07-08T21:43:06.345261+00:00,2026-07-08T21:49:10.090696+00:00,ok,,793,793,0,0.0,21718.0,23206.0,24613.0,20560.0,2.25,,0.02164717591440657,87031808.0,0.004970250010956079,False,/Users/pavan-work/Desktop/projects/dissertation-chaos/gatling/target/gatling/ordersimulation-20260708214316791
combined__latency_injection__12,combined,latency_injection,12,2026-07-08T21:49:20.100589+00:00,2026-07-08T21:55:24.166252+00:00,ok,,790,790,0,0.0,21752.0,23206.0,24677.0,20634.0,2.24,,0.02585990459452674,87031808.0,0.004577583982609212,False,/Users/pavan-work/Desktop/projects/dissertation-chaos/gatling/target/gatling/ordersimulation-20260708214930680
combined__latency_injection__13,combined,latency_injection,13,2026-07-08T21:55:34.173355+00:00,2026-07-08T22:01:30.592391+00:00,ok,,789,789,0,0.0,21792.0,23291.0,24805.0,20638.0,2.24,,0.015728056823947234,88080384.0,0.030547333997674286,False,/Users/pavan-work/Desktop/projects/dissertation-chaos/gatling/target/gatling/ordersimulation-20260708215537840
combined__latency_injection__14,combined,latency_injection,14,2026-07-08T22:01:40.599650+00:00,2026-07-08T22:07:41.274358+00:00,ok,,792,792,0,0.0,21717.0,22826.0,24046.0,20562.0,2.25,,0.01565261297652108,87031808.0,0.02690229198196903,False,/Users/pavan-work/Desktop/projects/dissertation-chaos/gatling/target/gatling/ordersimulation-20260708220148400
combined__latency_injection__15,combined,latency_injection,15,2026-07-08T22:07:51.287812+00:00,2026-07-08T22:13:52.057677+00:00,ok,,799,799,0,0.0,21505.0,22764.0,23873.0,20384.0,2.27,,0.012664640324214793,85983232.0,0.004911208001431078,False,/Users/pavan-work/Desktop/projects/dissertation-chaos/gatling/target/gatling/ordersimulation-20260708220801412
combined__latency_injection__16,combined,latency_injection,16,2026-07-08T22:14:02.065608+00:00,2026-07-08T22:19:57.888749+00:00,ok,,787,787,0,0.0,21755.0,23251.0,24874.0,20655.0,2.24,,0.014914054600606673,85983232.0,0.009437125001568347,False,/Users/pavan-work/Desktop/projects/dissertation-chaos/gatling/target/gatling/ordersimulation-20260708221405818
combined__latency_injection__17,combined,latency_injection,17,2026-07-08T22:20:07.897447+00:00,2026-07-08T22:26:05.966837+00:00,ok,,794,794,0,0.0,21685.0,23425.0,24592.0,20596.0,2.25,,0.0354978354978355,87031808.0,0.033460292004747316,False,/Users/pavan-work/Desktop/projects/dissertation-chaos/gatling/target/gatling/ordersimulation-20260708222011664
combined__latency_injection__18,combined,latency_injection,18,2026-07-08T22:26:15.975971+00:00,2026-07-08T22:32:22.223342+00:00,ok,,780,780,0,0.0,22027.0,23673.0,25399.0,20896.0,2.21,,0.025133282559025135,88080384.0,0.009508916991762817,False,/Users/pavan-work/Desktop/projects/dissertation-chaos/gatling/target/gatling/ordersimulation-20260708222628048
combined__latency_injection__19,combined,latency_injection,19,2026-07-08T22:32:32.231831+00:00,2026-07-08T22:38:30.942504+00:00,ok,,792,792,0,0.0,21727.0,23173.0,24603.0,20577.0,2.25,,0.029946524064171125,87031808.0,0.016426125017460436,False,/Users/pavan-work/Desktop/projects/dissertation-chaos/gatling/target/gatling/ordersimulation-20260708223237491
combined__latency_injection__20,combined,latency_injection,20,2026-07-08T22:38:40.950965+00:00,2026-07-08T22:44:49.531496+00:00,ok,,790,790,0,0.0,21770.0,23176.0,24595.0,20688.0,2.23,,0.030404534913682044,87031808.0,0.019728916988242418,False,/Users/pavan-work/Desktop/projects/dissertation-chaos/gatling/target/gatling/ordersimulation-20260708223852752
combined__partial_failure__01,combined,partial_failure,1,2026-07-08T22:44:59.545474+00:00,2026-07-08T22:50:49.570633+00:00,ok,,1483,1483,0,0.0,11104.0,12676.0,15000.0,10803.0,4.35,,0.03430217334380728,87031808.0,0.009364792000269517,False,/Users/pavan-work/Desktop/projects/dissertation-chaos/gatling/target/gatling/ordersimulation-20260708224507330
combined__partial_failure__02,combined,partial_failure,2,2026-07-08T22:50:59.574674+00:00,2026-07-08T22:56:50.140673+00:00,ok,,1452,1452,0,0.0,11419.0,13130.0,15212.0,11051.0,4.22,,0.0274858528698464,87031808.0,0.025776542024686933,False,/Users/pavan-work/Desktop/projects/dissertation-chaos/gatling/target/gatling/ordersimulation-20260708225105322
combined__partial_failure__03,combined,partial_failure,3,2026-07-08T22:57:00.150915+00:00,2026-07-08T23:02:57.124720+00:00,ok,,1466,1466,0,0.0,11259.0,12615.0,14863.0,10936.0,4.26,,0.027455919395465996,85983232.0,0.008003625000128523,False,/Users/pavan-work/Desktop/projects/dissertation-chaos/gatling/target/gatling/ordersimulation-20260708225711860
combined__partial_failure__04,combined,partial_failure,4,2026-07-08T23:03:07.133274+00:00,2026-07-08T23:08:55.192748+00:00,ok,,1451,1451,0,0.0,11335.0,13574.0,15432.0,11054.0,4.26,,0.0293277965221905,87031808.0,0.012262833013664931,False,/Users/pavan-work/Desktop/projects/dissertation-chaos/gatling/target/gatling/ordersimulation-20260708230312945
combined__partial_failure__05,combined,partial_failure,5,2026-07-08T23:09:05.202642+00:00,2026-07-08T23:15:05.977098+00:00,ok,,1484,1484,0,0.0,11155.0,12727.0,14492.0,10799.0,4.33,,0.02948271240954168,85983232.0,0.04122129100142047,False,/Users/pavan-work/Desktop/projects/dissertation-chaos/gatling/target/gatling/ordersimulation-20260708230918420
combined__partial_failure__06,combined,partial_failure,6,2026-07-08T23:15:15.985555+00:00,2026-07-08T23:21:10.708362+00:00,ok,,1480,1480,0,0.0,11164.0,12977.0,14378.0,10833.0,4.34,,0.023273463192512014,88080384.0,0.008194124995497987,False,/Users/pavan-work/Desktop/projects/dissertation-chaos/gatling/target/gatling/ordersimulation-20260708231528209
combined__partial_failure__07,combined,partial_failure,7,2026-07-08T23:21:20.721436+00:00,2026-07-08T23:27:10.029198+00:00,ok,,1500,1500,0,0.0,11117.0,12296.0,14197.0,10707.0,4.39,,0.023249936820823856,87031808.0,0.022390833008103073,False,/Users/pavan-work/Desktop/projects/dissertation-chaos/gatling/target/gatling/ordersimulation-20260708232125918
combined__partial_failure__08,combined,partial_failure,8,2026-07-08T23:27:20.048017+00:00,2026-07-08T23:33:18.751465+00:00,ok,,1489,1489,0,0.0,11139.0,12453.0,14493.0,10784.0,4.32,,0.029816513761467888,87031808.0,0.011718374997144565,False,/Users/pavan-work/Desktop/projects/dissertation-chaos/gatling/target/gatling/ordersimulation-20260708232732593
combined__partial_failure__09,combined,partial_failure,9,2026-07-08T23:33:28.764820+00:00,2026-07-08T23:39:17.363398+00:00,ok,,1482,1482,0,0.0,11199.0,12925.0,15086.0,10821.0,4.33,,0.026040336992596377,84934656.0,0.03085012498195283,False,/Users/pavan-work/Desktop/projects/dissertation-chaos/gatling/target/gatling/ordersimulation-20260708233333951
combined__partial_failure__10,combined,partial_failure,10,2026-07-08T23:39:27.382253+00:00,2026-07-08T23:45:25.660976+00:00,ok,,1464,1464,0,0.0,11275.0,13008.0,14810.0,10972.0,4.28,,0.0331561629967097,87031808.0,0.028060041018761694,False,/Users/pavan-work/Desktop/projects/dissertation-chaos/gatling/target/gatling/ordersimulation-20260708233941774
combined__partial_failure__11,combined,partial_failure,11,2026-07-08T23:45:35.764299+00:00,2026-07-08T23:51:25.385395+00:00,ok,,1462,1462,0,0.0,11273.0,13207.0,15219.0,10975.0,4.27,,0.01880081300813008,88080384.0,0.009695083019323647,False,/Users/pavan-work/Desktop/projects/dissertation-chaos/gatling/target/gatling/ordersimulation-20260708234542879
combined__partial_failure__12,combined,partial_failure,12,2026-07-08T23:51:35.394055+00:00,2026-07-08T23:57:24.779302+00:00,ok,,1459,1459,0,0.0,11325.0,13262.0,15146.0,10990.0,4.27,,0.024154589371980676,84934656.0,0.04399016700335778,False,/Users/pavan-work/Desktop/projects/dissertation-chaos/gatling/target/gatling/ordersimulation-20260708235141510
combined__partial_failure__13,combined,partial_failure,13,2026-07-08T23:57:34.792340+00:00,2026-07-09T00:03:30.930614+00:00,ok,,1470,1405,65,0.04421768707482993,11148.0,13448.0,15374.0,10911.0,4.3,,0.09243441122635754,87031808.0,0.017283249995671213,False,/Users/pavan-work/Desktop/projects/dissertation-chaos/gatling/target/gatling/ordersimulation-20260708235747181
combined__partial_failure__14,combined,partial_failure,14,2026-07-09T00:03:40.942271+00:00,2026-07-09T00:09:29.186353+00:00,ok,,1459,1459,0,0.0,11332.0,13259.0,14955.0,10996.0,4.27,,0.04438280166435506,87031808.0,0.0055951249960344285,False,/Users/pavan-work/Desktop/projects/dissertation-chaos/gatling/target/gatling/ordersimulation-20260709000346573
combined__partial_failure__15,combined,partial_failure,15,2026-07-09T00:09:39.194566+00:00,2026-07-09T00:15:28.852076+00:00,ok,,1495,1495,0,0.0,11059.0,12776.0,14727.0,10729.0,4.37,,0.024189526184538655,87031808.0,0.02426708402344957,False,/Users/pavan-work/Desktop/projects/dissertation-chaos/gatling/target/gatling/ordersimulation-20260709000945370
combined__partial_failure__16,combined,partial_failure,16,2026-07-09T00:15:38.871897+00:00,2026-07-09T00:21:37.662669+00:00,ok,,1487,1487,0,0.0,11114.0,12754.0,14475.0,10775.0,4.36,,0.0398066533977822,87031808.0,0.004905540990876034,False,/Users/pavan-work/Desktop/projects/dissertation-chaos/gatling/target/gatling/ordersimulation-20260709001554661
combined__partial_failure__17,combined,partial_failure,17,2026-07-09T00:21:47.671318+00:00,2026-07-09T00:27:35.182327+00:00,ok,,1504,1437,67,0.04454787234042553,11076.0,12749.0,14647.0,10660.0,4.41,,0.02589428723972237,85983232.0,0.04566391700063832,False,/Users/pavan-work/Desktop/projects/dissertation-chaos/gatling/target/gatling/ordersimulation-20260709002152474
combined__partial_failure__18,combined,partial_failure,18,2026-07-09T00:27:45.198068+00:00,2026-07-09T00:33:45.747268+00:00,ok,,1464,1464,0,0.0,11292.0,13042.0,14837.0,10947.0,4.28,,0.03207739307535642,84934656.0,0.017056374985259026,False,/Users/pavan-work/Desktop/projects/dissertation-chaos/gatling/target/gatling/ordersimulation-20260709002802454
combined__partial_failure__19,combined,partial_failure,19,2026-07-09T00:33:55.756796+00:00,2026-07-09T00:39:46.173091+00:00,ok,,1494,1494,0,0.0,11150.0,12526.0,14234.0,10748.0,4.34,,0.01960285132382892,87031808.0,0.007189041993115097,False,/Users/pavan-work/Desktop/projects/dissertation-chaos/gatling/target/gatling/ordersimulation-20260709003402136
combined__partial_failure__20,combined,partial_failure,20,2026-07-09T00:39:56.181666+00:00,2026-07-09T00:45:43.029039+00:00,ok,,1487,1487,0,0.0,11138.0,12342.0,14435.0,10771.0,4.36,,0.0161892901618929,87031808.0,0.012698415986960754,False,/Users/pavan-work/Desktop/projects/dissertation-chaos/gatling/target/gatling/ordersimulation-20260709004000401
combined__cascading_failure__01,combined,cascading_failure,1,2026-07-09T00:45:53.037057+00:00,2026-07-09T00:52:01.686679+00:00,ok,,787,787,0,0.0,21857.0,23571.0,25347.0,20739.0,2.24,,0.028037383177570097,87031808.0,0.030212582991225645,False,/Users/pavan-work/Desktop/projects/dissertation-chaos/gatling/target/gatling/ordersimulation-20260709004608174
combined__cascading_failure__02,combined,cascading_failure,2,2026-07-09T00:52:11.698894+00:00,2026-07-09T00:58:27.833875+00:00,ok,,780,779,1,0.001282051282051282,21949.0,23627.0,25713.0,20855.0,2.22,,0.01790668348045397,85983232.0,0.00969850001274608,False,/Users/pavan-work/Desktop/projects/dissertation-chaos/gatling/target/gatling/ordersimulation-20260709005234509
combined__cascading_failure__03,combined,cascading_failure,3,2026-07-09T00:58:37.847088+00:00,2026-07-09T01:04:47.492348+00:00,ok,,788,787,1,0.0012690355329949238,21789.0,23702.0,25810.0,20723.0,2.23,,0.016084443327469212,87031808.0,0.032728541002143174,False,/Users/pavan-work/Desktop/projects/dissertation-chaos/gatling/target/gatling/ordersimulation-20260709005853178
combined__cascading_failure__04,combined,cascading_failure,4,2026-07-09T01:04:57.499669+00:00,2026-07-09T01:11:13.649648+00:00,ok,,790,789,1,0.0012658227848101266,21809.0,22979.0,23834.0,20623.0,2.24,,0.01753507014028056,87031808.0,0.004866041999775916,False,/Users/pavan-work/Desktop/projects/dissertation-chaos/gatling/target/gatling/ordersimulation-20260709010519228
combined__cascading_failure__05,combined,cascading_failure,5,2026-07-09T01:11:23.662592+00:00,2026-07-09T01:17:32.728027+00:00,ok,,789,789,0,0.0,21842.0,23635.0,24904.0,20686.0,2.24,,0.024968789013732832,87031808.0,0.024556457996368408,False,/Users/pavan-work/Desktop/projects/dissertation-chaos/gatling/target/gatling/ordersimulation-20260709011138846
combined__cascading_failure__06,combined,cascading_failure,6,2026-07-09T01:17:42.743116+00:00,2026-07-09T01:23:59.526127+00:00,ok,,783,783,0,0.0,21801.0,23466.0,25170.0,20804.0,2.22,,0.020722769775082132,88080384.0,0.009584832994733006,False,/Users/pavan-work/Desktop/projects/dissertation-chaos/gatling/target/gatling/ordersimulation-20260709011805710
combined__cascading_failure__07,combined,cascading_failure,7,2026-07-09T01:24:09.539177+00:00,2026-07-09T01:30:18.313810+00:00,ok,,788,787,1,0.0012690355329949238,21799.0,23400.0,25592.0,20671.0,2.24,,0.030956609997462574,84934656.0,0.02984695800114423,False,/Users/pavan-work/Desktop/projects/dissertation-chaos/gatling/target/gatling/ordersimulation-20260709012424884
combined__cascading_failure__08,combined,cascading_failure,8,2026-07-09T01:30:28.326955+00:00,2026-07-09T01:36:43.606804+00:00,ok,,786,786,0,0.0,21855.0,23211.0,25205.0,20798.0,2.23,,0.018334985133795837,87031808.0,0.0078515830100514,False,/Users/pavan-work/Desktop/projects/dissertation-chaos/gatling/target/gatling/ordersimulation-20260709013049621
combined__cascading_failure__09,combined,cascading_failure,9,2026-07-09T01:36:53.619548+00:00,2026-07-09T01:43:04.150704+00:00,ok,,792,790,2,0.0025252525252525255,21722.0,23069.0,24834.0,20583.0,2.24,,0.022973996465539003,88080384.0,0.02294174997950904,False,/Users/pavan-work/Desktop/projects/dissertation-chaos/gatling/target/gatling/ordersimulation-20260709013708660
combined__cascading_failure__10,combined,cascading_failure,10,2026-07-09T01:43:14.164188+00:00,2026-07-09T01:49:30.281578+00:00,ok,,791,791,0,0.0,21695.0,23245.0,24595.0,20625.0,2.25,,0.02129817444219067,85983232.0,0.010072709002997726,False,/Users/pavan-work/Desktop/projects/dissertation-chaos/gatling/target/gatling/ordersimulation-20260709014336558
combined__cascading_failure__11,combined,cascading_failure,11,2026-07-09T01:49:40.294963+00:00,2026-07-09T01:55:51.827464+00:00,ok,,786,785,1,0.001272264631043257,21848.0,23280.0,25082.0,20721.0,2.23,,0.025764081838848197,87031808.0,0.03889541598618962,False,/Users/pavan-work/Desktop/projects/dissertation-chaos/gatling/target/gatling/ordersimulation-20260709014957688
combined__cascading_failure__12,combined,cascading_failure,12,2026-07-09T01:56:01.843981+00:00,2026-07-09T02:02:12.068270+00:00,ok,,789,789,0,0.0,21773.0,23325.0,24408.0,20653.0,2.25,,0.017154389505549948,88080384.0,0.013034542003879324,False,/Users/pavan-work/Desktop/projects/dissertation-chaos/gatling/target/gatling/ordersimulation-20260709015619886
combined__cascading_failure__13,combined,cascading_failure,13,2026-07-09T02:02:22.081220+00:00,2026-07-09T02:08:36.397691+00:00,ok,,780,780,0,0.0,21974.0,23993.0,25596.0,20918.0,2.22,,0.023244062657908033,85983232.0,0.015535667014773935,False,/Users/pavan-work/Desktop/projects/dissertation-chaos/gatling/target/gatling/ordersimulation-20260709020242934
combined__cascading_failure__14,combined,cascading_failure,14,2026-07-09T02:08:46.414907+00:00,2026-07-09T02:14:56.111551+00:00,ok,,786,785,1,0.001272264631043257,21781.0,23475.0,25015.0,20711.0,2.23,,0.015667744342203433,87031808.0,0.02583470899844542,False,/Users/pavan-work/Desktop/projects/dissertation-chaos/gatling/target/gatling/ordersimulation-20260709020902804
combined__cascading_failure__15,combined,cascading_failure,15,2026-07-09T02:15:06.126892+00:00,2026-07-09T02:21:24.975944+00:00,ok,,778,778,0,0.0,22161.0,23719.0,25478.0,20968.0,2.2,,0.04675597583399002,87031808.0,0.017609792004805058,False,/Users/pavan-work/Desktop/projects/dissertation-chaos/gatling/target/gatling/ordersimulation-20260709021530022
combined__cascading_failure__16,combined,cascading_failure,16,2026-07-09T02:21:34.986231+00:00,2026-07-09T02:27:48.689278+00:00,ok,,790,789,1,0.0012658227848101266,21808.0,23075.0,24890.0,20624.0,2.24,,0.024353876739562623,87031808.0,0.00937608300591819,False,/Users/pavan-work/Desktop/projects/dissertation-chaos/gatling/target/gatling/ordersimulation-20260709022156265
combined__cascading_failure__17,combined,cascading_failure,17,2026-07-09T02:27:58.696895+00:00,2026-07-09T02:34:07.473969+00:00,ok,,785,784,1,0.0012738853503184713,21805.0,23649.0,25002.0,20736.0,2.23,,0.047764509858372675,87031808.0,0.030346165993250906,False,/Users/pavan-work/Desktop/projects/dissertation-chaos/gatling/target/gatling/ordersimulation-20260709022813898
combined__cascading_failure__18,combined,cascading_failure,18,2026-07-09T02:34:17.492524+00:00,2026-07-09T02:40:35.392374+00:00,ok,,789,787,2,0.0025348542458808617,21820.0,23284.0,24781.0,20658.0,2.24,,0.037997432605905004,88080384.0,0.0072341250197496265,False,/Users/pavan-work/Desktop/projects/dissertation-chaos/gatling/target/gatling/ordersimulation-20260709023441770
combined__cascading_failure__19,combined,cascading_failure,19,2026-07-09T02:40:45.400574+00:00,2026-07-09T02:46:53.071788+00:00,ok,,792,791,1,0.0012626262626262627,21717.0,22983.0,24537.0,20579.0,2.25,,0.035287874767842925,88080384.0,0.009778666018974036,False,/Users/pavan-work/Desktop/projects/dissertation-chaos/gatling/target/gatling/ordersimulation-20260709024100719
combined__cascading_failure__20,combined,cascading_failure,20,2026-07-09T02:47:03.081381+00:00,2026-07-09T02:53:21.671203+00:00,ok,,782,782,0,0.0,21879.0,23924.0,25665.0,20871.0,2.21,,0.0343218012081274,87031808.0,0.027141707978444174,False,/Users/pavan-work/Desktop/projects/dissertation-chaos/gatling/target/gatling/ordersimulation-20260709024725910
circuit-breaker__partial_failure__03,circuit-breaker,partial_failure,3,2026-07-09T03:23:47.119631+00:00,2026-07-09T03:30:06.367131+00:00,ok,,93588,45,93543,0.9995191691242467,80.0,637.0,1369.0,168.0,281.89,,0.8506576156130674,184549376.0,27.260614667000482,True,/Users/pavan-work/Desktop/projects/dissertation-chaos/gatling/target/gatling/ordersimulation-20260709032403084
circuit-breaker__partial_failure__07,circuit-breaker,partial_failure,7,2026-07-09T03:30:16.395641+00:00,2026-07-09T03:36:25.244357+00:00,ok,,35604,147,35457,0.995871250421301,206.0,1599.0,4037.0,442.0,107.56,1.0,0.5802219979818365,223346688.0,15.050273917004233,True,/Users/pavan-work/Desktop/projects/dissertation-chaos/gatling/target/gatling/ordersimulation-20260709033039530
