trial_id,resilience_profile,chaos_scenario,trial_num,started_at_utc,ended_at_utc,status,error_message,gatling_request_count,gatling_ok_count,gatling_ko_count,gatling_error_rate,gatling_p50_ms,gatling_p95_ms,gatling_p99_ms,gatling_mean_response_ms,gatling_mean_requests_per_sec,prometheus_error_rate,peak_process_cpu_usage,peak_jvm_heap_used_bytes,cb_recovery_time_seconds,cb_was_open_during_trial,gatling_report_dir
none__service_termination__01,none,service_termination,1,2026-07-05T16:19:31.695825+00:00,2026-07-05T16:25:38.562753+00:00,ok,,697.0,0.0,697.0,1.0,25042.0,25078.0,25131.0,23477.0,1.96,1.0,0.3333333333333333,195035136.0,0.0165261249994728,False,/Users/pavan-work/Desktop/projects/dissertation-chaos/gatling/target/gatling/ordersimulation-20260705161946413
none__service_termination__02,none,service_termination,2,2026-07-05T16:25:48.570884+00:00,2026-07-05T16:31:51.047158+00:00,ok,,698.0,0.0,698.0,1.0,25035.0,25051.0,25077.0,23464.0,1.96,,0.0146022155085599,218103808.0,0.0071116250001068,False,/Users/pavan-work/Desktop/projects/dissertation-chaos/gatling/target/gatling/ordersimulation-20260705162554801
none__service_termination__03,none,service_termination,3,2026-07-05T16:32:01.053927+00:00,2026-07-05T16:38:03.128182+00:00,ok,,698.0,0.0,698.0,1.0,25029.0,25045.0,25075.0,23460.0,1.97,,0.0205926670015067,234881024.0,0.011389916000553,False,/Users/pavan-work/Desktop/projects/dissertation-chaos/gatling/target/gatling/ordersimulation-20260705163206965
none__service_termination__04,none,service_termination,4,2026-07-05T16:38:13.134528+00:00,2026-07-05T16:44:14.277657+00:00,ok,,698.0,0.0,698.0,1.0,25026.0,25037.0,25067.0,23453.0,1.97,,0.0218373493975903,233832448.0,0.0057615419991634,False,/Users/pavan-work/Desktop/projects/dissertation-chaos/gatling/target/gatling/ordersimulation-20260705163818294
none__service_termination__05,none,service_termination,5,2026-07-05T16:44:24.284434+00:00,2026-07-05T16:50:26.105704+00:00,ok,,698.0,0.0,698.0,1.0,25027.0,25049.0,25073.0,23455.0,1.97,,0.0150829562594268,232783872.0,0.0145430840002518,False,/Users/pavan-work/Desktop/projects/dissertation-chaos/gatling/target/gatling/ordersimulation-20260705164430079
none__service_termination__06,none,service_termination,6,2026-07-05T16:50:36.117209+00:00,2026-07-05T18:27:58.809867+00:00,ok,,895.0,0.0,895.0,1.0,19997.0,25030.0,30055.0,18232.0,2.54,,0.0252123869553302,233832448.0,0.0066503339985501,False,/Users/pavan-work/Desktop/projects/dissertation-chaos/gatling/target/gatling/ordersimulation-20260705165041739
none__service_termination__07,none,service_termination,7,2026-07-05T18:28:08.823619+00:00,2026-07-05T19:28:19.453021+00:00,ok,,891.0,0.0,891.0,1.0,19971.0,25015.0,30020.0,18270.0,2.55,,0.1366208569118835,233832448.0,0.0072062910003296,False,/Users/pavan-work/Desktop/projects/dissertation-chaos/gatling/target/gatling/ordersimulation-20260705182814234
none__service_termination__08,none,service_termination,8,2026-07-05T19:28:29.461627+00:00,2026-07-05T19:34:34.077208+00:00,ok,,698.0,0.0,698.0,1.0,25024.0,25043.0,25076.0,23452.0,1.97,,0.0251130085384229,233832448.0,0.00817408399962,False,/Users/pavan-work/Desktop/projects/dissertation-chaos/gatling/target/gatling/ordersimulation-20260705192837104
none__service_termination__09,none,service_termination,9,2026-07-05T19:34:44.084243+00:00,2026-07-05T19:40:45.859557+00:00,ok,,698.0,0.0,698.0,1.0,25024.0,25037.0,25064.0,23451.0,1.97,,0.0146575688653019,233832448.0,0.0084987500013085,False,/Users/pavan-work/Desktop/projects/dissertation-chaos/gatling/target/gatling/ordersimulation-20260705193449820
none__service_termination__10,none,service_termination,10,2026-07-05T19:40:55.863163+00:00,2026-07-05T19:46:57.798714+00:00,ok,,698.0,0.0,698.0,1.0,25022.0,25035.0,25087.0,23452.0,1.97,,0.0260913196186653,243269632.0,0.0072547920008219,False,/Users/pavan-work/Desktop/projects/dissertation-chaos/gatling/target/gatling/ordersimulation-20260705194101813
none__service_termination__11,none,service_termination,11,2026-07-05T19:47:07.805706+00:00,2026-07-05T19:53:09.197724+00:00,ok,,698.0,0.0,698.0,1.0,25021.0,25037.0,25101.0,23450.0,1.97,,0.0268103232272613,244318208.0,0.0094640830011485,False,/Users/pavan-work/Desktop/projects/dissertation-chaos/gatling/target/gatling/ordersimulation-20260705194713226
none__service_termination__12,none,service_termination,12,2026-07-05T19:53:19.204651+00:00,2026-07-05T19:59:20.420174+00:00,ok,,700.0,0.0,700.0,1.0,25019.0,25030.0,25445.0,23380.0,1.97,,0.022904606091115,244318208.0,0.0089735000001383,False,/Users/pavan-work/Desktop/projects/dissertation-chaos/gatling/target/gatling/ordersimulation-20260705195324420
none__service_termination__13,none,service_termination,13,2026-07-05T19:59:30.427380+00:00,2026-07-05T20:05:34.709983+00:00,ok,,699.0,0.0,699.0,1.0,25019.0,25039.0,25072.0,23417.0,1.97,,0.0068078668683812,245366784.0,0.0111033330013015,False,/Users/pavan-work/Desktop/projects/dissertation-chaos/gatling/target/gatling/ordersimulation-20260705195938622
none__service_termination__14,none,service_termination,14,2026-07-05T20:05:44.716939+00:00,2026-07-05T20:11:46.608710+00:00,ok,,698.0,0.0,698.0,1.0,25021.0,25039.0,25072.0,23449.0,1.97,,0.0473551637279597,242221056.0,0.0108094999995955,False,/Users/pavan-work/Desktop/projects/dissertation-chaos/gatling/target/gatling/ordersimulation-20260705200550489
none__service_termination__15,none,service_termination,15,2026-07-05T20:11:56.612150+00:00,2026-07-05T20:17:57.989865+00:00,ok,,699.0,0.0,699.0,1.0,25020.0,25034.0,25081.0,23414.0,1.97,,0.0092824887104867,245366784.0,0.0075725830010924,False,/Users/pavan-work/Desktop/projects/dissertation-chaos/gatling/target/gatling/ordersimulation-20260705201201930
none__service_termination__16,none,service_termination,16,2026-07-05T20:18:07.994552+00:00,2026-07-05T20:24:09.308210+00:00,ok,,698.0,0.0,698.0,1.0,25020.0,25032.0,25046.0,23447.0,1.97,,0.0178436793164111,244318208.0,0.0072189999991678,False,/Users/pavan-work/Desktop/projects/dissertation-chaos/gatling/target/gatling/ordersimulation-20260705201813342
none__service_termination__17,none,service_termination,17,2026-07-05T20:24:19.315737+00:00,2026-07-05T20:30:20.741671+00:00,ok,,698.0,0.0,698.0,1.0,25020.0,25031.0,25046.0,23447.0,1.97,,0.0113036925395629,244318208.0,0.0050081250010407,False,/Users/pavan-work/Desktop/projects/dissertation-chaos/gatling/target/gatling/ordersimulation-20260705202424686
none__service_termination__18,none,service_termination,18,2026-07-05T20:30:30.750443+00:00,2026-07-05T20:36:32.269665+00:00,ok,,698.0,0.0,698.0,1.0,25023.0,25047.0,25050.0,23450.0,1.97,,0.026110971629425,244318208.0,0.0069752920007886,False,/Users/pavan-work/Desktop/projects/dissertation-chaos/gatling/target/gatling/ordersimulation-20260705203036120
none__service_termination__19,none,service_termination,19,2026-07-05T20:36:42.283375+00:00,2026-07-05T20:42:44.973427+00:00,ok,,698.0,0.0,698.0,1.0,25022.0,25037.0,25119.0,23451.0,1.97,,0.0133440085401654,241172480.0,0.0073525829993741,False,/Users/pavan-work/Desktop/projects/dissertation-chaos/gatling/target/gatling/ordersimulation-20260705203648886
none__service_termination__20,none,service_termination,20,2026-07-05T20:42:54.977779+00:00,2026-07-05T20:48:57.451595+00:00,ok,,699.0,0.0,699.0,1.0,25019.0,25032.0,25506.0,23379.0,1.97,,0.0145545796737766,245366776.0,0.0078843329993105,False,/Users/pavan-work/Desktop/projects/dissertation-chaos/gatling/target/gatling/ordersimulation-20260705204301845
none__latency_injection__01,none,latency_injection,1,2026-07-05T20:49:07.462529+00:00,2026-07-05T20:55:05.519275+00:00,ok,,807.0,797.0,10.0,0.0123915737298636,21459.0,22349.0,22714.0,20206.0,2.29,,0.0693641618497109,243269632.0,0.0136190840003109,False,/Users/pavan-work/Desktop/projects/dissertation-chaos/gatling/target/gatling/ordersimulation-20260705204912819
none__latency_injection__02,none,latency_injection,2,2026-07-05T20:55:15.526667+00:00,2026-07-05T21:01:15.900181+00:00,ok,,806.0,797.0,9.0,0.0111662531017369,21428.0,22464.0,22705.0,20233.0,2.3,,0.0169620253164556,241172480.0,0.008440249999694,False,/Users/pavan-work/Desktop/projects/dissertation-chaos/gatling/target/gatling/ordersimulation-20260705205523513
none__latency_injection__03,none,latency_injection,3,2026-07-05T21:01:25.902958+00:00,2026-07-05T21:07:25.545376+00:00,ok,,806.0,796.0,10.0,0.0124069478908188,21511.0,22465.0,22879.0,20266.0,2.28,,0.0158132530120481,244318208.0,0.007297792000827,False,/Users/pavan-work/Desktop/projects/dissertation-chaos/gatling/target/gatling/ordersimulation-20260705210131999
none__latency_injection__04,none,latency_injection,4,2026-07-05T21:07:35.553754+00:00,2026-07-05T21:13:33.622304+00:00,ok,,807.0,800.0,7.0,0.0086741016109045,21370.0,22393.0,22657.0,20209.0,2.29,,0.0140738879115355,241172480.0,0.0046067080002103,False,/Users/pavan-work/Desktop/projects/dissertation-chaos/gatling/target/gatling/ordersimulation-20260705210741091
none__latency_injection__05,none,latency_injection,5,2026-07-05T21:13:43.630722+00:00,2026-07-05T21:19:41.449090+00:00,ok,,805.0,801.0,4.0,0.0049689440993788,21418.0,22349.0,22740.0,20218.0,2.29,,0.0075357950263752,244318208.0,0.0081324170023435,False,/Users/pavan-work/Desktop/projects/dissertation-chaos/gatling/target/gatling/ordersimulation-20260705211349120
none__latency_injection__06,none,latency_injection,6,2026-07-05T21:19:51.456505+00:00,2026-07-05T21:25:49.563904+00:00,ok,,802.0,798.0,4.0,0.0049875311720698,21479.0,22534.0,22948.0,20302.0,2.28,,0.0106087395807021,244318208.0,0.0177941670008294,False,/Users/pavan-work/Desktop/projects/dissertation-chaos/gatling/target/gatling/ordersimulation-20260705211956867
none__latency_injection__07,none,latency_injection,7,2026-07-05T21:25:59.571180+00:00,2026-07-05T21:32:00.538448+00:00,ok,,805.0,801.0,4.0,0.0049689440993788,21383.0,22403.0,22853.0,20247.0,2.29,,0.0077869881939211,240123904.0,0.007846625001548,False,/Users/pavan-work/Desktop/projects/dissertation-chaos/gatling/target/gatling/ordersimulation-20260705212608461
none__latency_injection__08,none,latency_injection,8,2026-07-05T21:32:10.551136+00:00,2026-07-05T21:38:06.185474+00:00,ok,,804.0,797.0,7.0,0.0087064676616915,21473.0,22337.0,22715.0,20232.0,2.29,,0.010214250124564,244318208.0,0.0104635419993428,False,/Users/pavan-work/Desktop/projects/dissertation-chaos/gatling/target/gatling/ordersimulation-20260705213214259
none__latency_injection__09,none,latency_injection,9,2026-07-05T21:38:16.197365+00:00,2026-07-05T21:44:12.124208+00:00,ok,,808.0,796.0,12.0,0.0148514851485148,21347.0,22391.0,22662.0,20176.0,2.3,,0.0138086869194074,243269632.0,0.0076832919985463,False,/Users/pavan-work/Desktop/projects/dissertation-chaos/gatling/target/gatling/ordersimulation-20260705213819909
none__latency_injection__10,none,latency_injection,10,2026-07-05T21:44:22.136533+00:00,2026-07-05T21:50:19.104580+00:00,ok,,804.0,801.0,3.0,0.003731343283582,21500.0,22516.0,22797.0,20282.0,2.28,,0.0160682902334923,244318208.0,0.0057194159999198,False,/Users/pavan-work/Desktop/projects/dissertation-chaos/gatling/target/gatling/ordersimulation-20260705214425928
none__latency_injection__11,none,latency_injection,11,2026-07-05T21:50:29.117300+00:00,2026-07-05T21:56:25.572326+00:00,ok,,808.0,793.0,15.0,0.0185643564356435,21359.0,22392.0,22873.0,20163.0,2.29,,0.011063615790797,240123904.0,0.0061255840009835,False,/Users/pavan-work/Desktop/projects/dissertation-chaos/gatling/target/gatling/ordersimulation-20260705215032671
none__latency_injection__12,none,latency_injection,12,2026-07-05T21:56:35.584921+00:00,2026-07-05T22:02:31.899981+00:00,ok,,806.0,793.0,13.0,0.0161290322580645,21388.0,22466.0,22867.0,20210.0,2.29,,0.0075056292219164,241172480.0,0.0060188339994056,False,/Users/pavan-work/Desktop/projects/dissertation-chaos/gatling/target/gatling/ordersimulation-20260705215639225
none__latency_injection__13,none,latency_injection,13,2026-07-05T22:02:41.912376+00:00,2026-07-05T22:08:37.249389+00:00,ok,,805.0,794.0,11.0,0.0136645962732919,21438.0,22421.0,22812.0,20184.0,2.29,,0.0170854271356783,244318208.0,0.0078534580025007,False,/Users/pavan-work/Desktop/projects/dissertation-chaos/gatling/target/gatling/ordersimulation-20260705220245473
none__latency_injection__14,none,latency_injection,14,2026-07-05T22:08:47.261469+00:00,2026-07-05T22:14:43.275971+00:00,ok,,806.0,799.0,7.0,0.0086848635235732,21414.0,22422.0,22737.0,20222.0,2.29,,0.0070457976849521,243269632.0,0.00635174999843,False,/Users/pavan-work/Desktop/projects/dissertation-chaos/gatling/target/gatling/ordersimulation-20260705220850961
none__latency_injection__15,none,latency_injection,15,2026-07-05T22:14:53.288063+00:00,2026-07-05T22:20:49.536121+00:00,ok,,801.0,798.0,3.0,0.0037453183520599,21496.0,22506.0,22780.0,20306.0,2.28,,0.0080503144654088,241172480.0,0.0090275840011599,False,/Users/pavan-work/Desktop/projects/dissertation-chaos/gatling/target/gatling/ordersimulation-20260705221456823
none__latency_injection__16,none,latency_injection,16,2026-07-05T22:20:59.548558+00:00,2026-07-05T22:26:55.383076+00:00,ok,,801.0,796.0,5.0,0.0062421972534332,21571.0,22520.0,22866.0,20320.0,2.28,,0.0123519032014116,244318208.0,0.0090815000003203,False,/Users/pavan-work/Desktop/projects/dissertation-chaos/gatling/target/gatling/ordersimulation-20260705222103461
none__latency_injection__17,none,latency_injection,17,2026-07-05T22:27:05.395335+00:00,2026-07-05T22:33:02.232349+00:00,ok,,806.0,797.0,9.0,0.0111662531017369,21400.0,22548.0,22875.0,20243.0,2.28,,0.0065097646469704,245366784.0,0.0039702499998384,False,/Users/pavan-work/Desktop/projects/dissertation-chaos/gatling/target/gatling/ordersimulation-20260705222709059
none__latency_injection__18,none,latency_injection,18,2026-07-05T22:33:12.244397+00:00,2026-07-05T22:39:08.015149+00:00,ok,,809.0,799.0,10.0,0.0123609394313967,21332.0,22310.0,22584.0,20158.0,2.3,,0.0128108515448379,244318208.0,0.007041916000162,False,/Users/pavan-work/Desktop/projects/dissertation-chaos/gatling/target/gatling/ordersimulation-20260705223316102
none__latency_injection__19,none,latency_injection,19,2026-07-05T22:39:18.019822+00:00,2026-07-05T22:45:13.226324+00:00,ok,,807.0,796.0,11.0,0.01363073110285,21299.0,22323.0,22776.0,20165.0,2.3,,0.006006006006006,244318208.0,0.0068711249987245,False,/Users/pavan-work/Desktop/projects/dissertation-chaos/gatling/target/gatling/ordersimulation-20260705223921661
none__latency_injection__20,none,latency_injection,20,2026-07-05T22:45:23.238731+00:00,2026-07-05T22:51:19.837708+00:00,ok,,806.0,796.0,10.0,0.0124069478908188,21468.0,22401.0,22752.0,20273.0,2.28,,0.0158331239004775,242221056.0,0.0066588329973455,False,/Users/pavan-work/Desktop/projects/dissertation-chaos/gatling/target/gatling/ordersimulation-20260705224526851
none__partial_failure__01,none,partial_failure,1,2026-07-05T22:51:29.844927+00:00,2026-07-05T22:57:15.504941+00:00,ok,,1555.0,1523.0,32.0,0.0205787781350482,10777.0,11444.0,11654.0,10304.0,4.56,,0.0147477360931435,241172480.0,0.0120051660014723,False,/Users/pavan-work/Desktop/projects/dissertation-chaos/gatling/target/gatling/ordersimulation-20260705225133561
none__partial_failure__02,none,partial_failure,2,2026-07-05T22:57:25.509739+00:00,2026-07-05T23:03:13.094654+00:00,ok,,1559.0,1532.0,27.0,0.0173187940987812,10774.0,11365.0,11603.0,10280.0,4.57,,0.0183786505538771,242221056.0,0.0102518330022576,False,/Users/pavan-work/Desktop/projects/dissertation-chaos/gatling/target/gatling/ordersimulation-20260705225731013
none__partial_failure__03,none,partial_failure,3,2026-07-05T23:03:23.102213+00:00,2026-07-05T23:09:10.847440+00:00,ok,,1555.0,1529.0,26.0,0.0167202572347266,10814.0,11410.0,11632.0,10307.0,4.56,,0.0181634712411705,242221056.0,0.0094647500009159,False,/Users/pavan-work/Desktop/projects/dissertation-chaos/gatling/target/gatling/ordersimulation-20260705230328799
none__partial_failure__04,none,partial_failure,4,2026-07-05T23:09:20.858330+00:00,2026-07-06T01:17:09.413573+00:00,ok,,1550.0,1512.0,38.0,0.024516129032258,10839.0,11446.0,11653.0,10350.0,4.53,,0.0228868660598179,243269624.0,0.0054031250001571,False,/Users/pavan-work/Desktop/projects/dissertation-chaos/gatling/target/gatling/ordersimulation-20260705230925971
none__partial_failure__05,none,partial_failure,5,2026-07-06T01:17:19.418219+00:00,2026-07-06T01:23:07.963268+00:00,ok,,1560.0,1538.0,22.0,0.0141025641025641,10762.0,11338.0,11588.0,10275.0,4.57,,0.0145801910507792,244318208.0,0.0128711249999469,False,/Users/pavan-work/Desktop/projects/dissertation-chaos/gatling/target/gatling/ordersimulation-20260706011725492
none__partial_failure__06,none,partial_failure,6,2026-07-06T01:23:17.970934+00:00,2026-07-06T01:29:05.558203+00:00,ok,,1563.0,1537.0,26.0,0.0166346769033909,10728.0,11348.0,11577.0,10263.0,4.57,,0.0165745856353591,244318208.0,0.0109326670026348,False,/Users/pavan-work/Desktop/projects/dissertation-chaos/gatling/target/gatling/ordersimulation-20260706012323104
none__partial_failure__07,none,partial_failure,7,2026-07-06T01:29:15.562370+00:00,2026-07-06T01:35:04.020914+00:00,ok,,1553.0,1531.0,22.0,0.0141661300708306,10812.0,11399.0,11612.0,10315.0,4.55,,0.0178436793164111,239075328.0,0.0078304169983312,False,/Users/pavan-work/Desktop/projects/dissertation-chaos/gatling/target/gatling/ordersimulation-20260706012922102
none__partial_failure__08,none,partial_failure,8,2026-07-06T01:35:14.026836+00:00,2026-07-06T01:41:03.417143+00:00,ok,,1559.0,1542.0,17.0,0.0109044259140474,10770.0,11393.0,11609.0,10282.0,4.56,,0.0113122171945701,242221056.0,0.0073279169992019,False,/Users/pavan-work/Desktop/projects/dissertation-chaos/gatling/target/gatling/ordersimulation-20260706013521084
none__partial_failure__09,none,partial_failure,9,2026-07-06T01:41:13.423832+00:00,2026-07-06T01:47:01.041899+00:00,ok,,1563.0,1549.0,14.0,0.0089571337172104,10743.0,11352.0,11560.0,10260.0,4.58,,0.017455097394384,244318208.0,0.0076024579975637,False,/Users/pavan-work/Desktop/projects/dissertation-chaos/gatling/target/gatling/ordersimulation-20260706014118767
none__partial_failure__10,none,partial_failure,10,2026-07-06T01:47:11.049146+00:00,2026-07-06T01:53:29.314379+00:00,ok,,1542.0,1493.0,49.0,0.0317769130998702,10791.0,11578.0,13320.0,10385.0,4.52,,0.1933060109289617,244318208.0,0.0079828749985608,False,/Users/pavan-work/Desktop/projects/dissertation-chaos/gatling/target/gatling/ordersimulation-20260706014746969
none__partial_failure__11,none,partial_failure,11,2026-07-06T01:53:39.321199+00:00,2026-07-06T01:59:25.087422+00:00,ok,,1559.0,1517.0,42.0,0.0269403463758819,10769.0,11421.0,11706.0,10283.0,4.57,,0.0125659713495853,244318208.0,0.0088364580005873,False,/Users/pavan-work/Desktop/projects/dissertation-chaos/gatling/target/gatling/ordersimulation-20260706015343254
none__partial_failure__12,none,partial_failure,12,2026-07-06T01:59:35.100143+00:00,2026-07-06T02:05:20.730263+00:00,ok,,1547.0,1513.0,34.0,0.0219780219780219,10841.0,11492.0,11734.0,10356.0,4.52,,0.0359801488833746,241172480.0,0.0061002500005997,False,/Users/pavan-work/Desktop/projects/dissertation-chaos/gatling/target/gatling/ordersimulation-20260706015938674
none__partial_failure__13,none,partial_failure,13,2026-07-06T02:05:30.737663+00:00,2026-07-06T02:11:16.032287+00:00,ok,,1556.0,1533.0,23.0,0.0147814910025706,10806.0,11373.0,11587.0,10306.0,4.56,,0.0160965794768611,239075328.0,0.0085423340024135,False,/Users/pavan-work/Desktop/projects/dissertation-chaos/gatling/target/gatling/ordersimulation-20260706020534294
none__partial_failure__14,none,partial_failure,14,2026-07-06T02:11:26.039335+00:00,2026-07-06T02:17:11.423295+00:00,ok,,1558.0,1530.0,28.0,0.017971758664955,10747.0,11366.0,11555.0,10281.0,4.57,,0.0163686728783681,245366784.0,0.0059629169991239,False,/Users/pavan-work/Desktop/projects/dissertation-chaos/gatling/target/gatling/ordersimulation-20260706021129663
none__partial_failure__15,none,partial_failure,15,2026-07-06T02:17:21.427770+00:00,2026-07-06T02:23:07.005251+00:00,ok,,1551.0,1523.0,28.0,0.0180528691166989,10813.0,11441.0,11686.0,10321.0,4.55,,0.0153497735279315,243269632.0,0.0090708749994519,False,/Users/pavan-work/Desktop/projects/dissertation-chaos/gatling/target/gatling/ordersimulation-20260706021725123
none__partial_failure__16,none,partial_failure,16,2026-07-06T02:23:17.017256+00:00,2026-07-06T02:29:02.638744+00:00,ok,,1551.0,1524.0,27.0,0.0174081237911025,10825.0,11408.0,11629.0,10333.0,4.55,,0.0138364779874213,242221056.0,0.0103931250014284,False,/Users/pavan-work/Desktop/projects/dissertation-chaos/gatling/target/gatling/ordersimulation-20260706022320716
none__partial_failure__17,none,partial_failure,17,2026-07-06T02:29:12.649135+00:00,2026-07-06T02:34:57.938442+00:00,ok,,1559.0,1539.0,20.0,0.0128287363694676,10772.0,11384.0,11620.0,10283.0,4.57,,0.0163357627544609,242221056.0,0.007667499998206,False,/Users/pavan-work/Desktop/projects/dissertation-chaos/gatling/target/gatling/ordersimulation-20260706022916359
none__partial_failure__18,none,partial_failure,18,2026-07-06T02:35:07.951866+00:00,2026-07-06T02:40:53.394977+00:00,ok,,1551.0,1518.0,33.0,0.0212765957446808,10828.0,11412.0,11659.0,10332.0,4.55,,0.0163522012578616,239075328.0,0.0065735000025597,False,/Users/pavan-work/Desktop/projects/dissertation-chaos/gatling/target/gatling/ordersimulation-20260706023511669
none__partial_failure__19,none,partial_failure,19,2026-07-06T02:41:03.405875+00:00,2026-07-06T02:46:48.913741+00:00,ok,,1561.0,1524.0,37.0,0.0237027546444586,10749.0,11368.0,11580.0,10257.0,4.58,,0.0160884866767219,244318200.0,0.0039614579982298,False,/Users/pavan-work/Desktop/projects/dissertation-chaos/gatling/target/gatling/ordersimulation-20260706024107657
none__partial_failure__20,none,partial_failure,20,2026-07-06T02:46:58.926098+00:00,2026-07-06T02:52:44.071142+00:00,ok,,1560.0,1532.0,28.0,0.0179487179487179,10754.0,11376.0,11580.0,10269.0,4.57,,0.0153652392947103,245366784.0,0.0054028339982323,False,/Users/pavan-work/Desktop/projects/dissertation-chaos/gatling/target/gatling/ordersimulation-20260706024702599
none__cascading_failure__01,none,cascading_failure,1,2026-07-06T02:52:54.081065+00:00,2026-07-06T02:59:00.306304+00:00,ok,,801.0,799.0,2.0,0.0024968789013732,21495.0,22514.0,22909.0,20304.0,2.28,,0.0075528700906344,243269632.0,0.0052426670008571,False,/Users/pavan-work/Desktop/projects/dissertation-chaos/gatling/target/gatling/ordersimulation-20260706025307995
none__cascading_failure__02,none,cascading_failure,2,2026-07-06T02:59:10.318786+00:00,2026-07-06T03:05:15.674516+00:00,ok,,805.0,798.0,7.0,0.008695652173913,21461.0,22365.0,22687.0,20221.0,2.29,,0.0171026156941649,241172480.0,0.0093240829992282,False,/Users/pavan-work/Desktop/projects/dissertation-chaos/gatling/target/gatling/ordersimulation-20260706025924256
none__cascading_failure__03,none,cascading_failure,3,2026-07-06T03:05:25.686608+00:00,2026-07-06T03:21:01.441829+00:00,ok,,800.0,787.0,13.0,0.01625,21469.0,23294.0,25242.0,20358.0,2.28,,0.2748603351955307,242221056.0,0.0081669169994711,False,/Users/pavan-work/Desktop/projects/dissertation-chaos/gatling/target/gatling/ordersimulation-20260706030539391
none__cascading_failure__04,none,cascading_failure,4,2026-07-06T03:21:11.449697+00:00,2026-07-06T03:27:21.106807+00:00,ok,,807.0,799.0,8.0,0.0099132589838909,21368.0,22467.0,22940.0,20221.0,2.29,,0.0075037518759379,244318208.0,0.0060797500009357,False,/Users/pavan-work/Desktop/projects/dissertation-chaos/gatling/target/gatling/ordersimulation-20260706032127992
none__cascading_failure__05,none,cascading_failure,5,2026-07-06T03:27:31.114410+00:00,2026-07-06T03:33:39.191133+00:00,ok,,800.0,792.0,8.0,0.01,21613.0,22567.0,22816.0,20333.0,2.27,,0.0283544303797468,242221056.0,0.0102341249985329,False,/Users/pavan-work/Desktop/projects/dissertation-chaos/gatling/target/gatling/ordersimulation-20260706032746442
none__cascading_failure__06,none,cascading_failure,6,2026-07-06T03:33:49.194192+00:00,2026-07-06T03:39:57.418045+00:00,ok,,805.0,798.0,7.0,0.008695652173913,21394.0,22579.0,23049.0,20207.0,2.29,,0.0077830780818478,242221056.0,0.0086607080011162,False,/Users/pavan-work/Desktop/projects/dissertation-chaos/gatling/target/gatling/ordersimulation-20260706033404670
none__cascading_failure__07,none,cascading_failure,7,2026-07-06T03:40:07.425652+00:00,2026-07-06T03:46:15.685728+00:00,ok,,804.0,800.0,4.0,0.0049751243781094,21429.0,22495.0,22937.0,20291.0,2.28,,0.0060377358490566,243269632.0,0.0091441249969648,False,/Users/pavan-work/Desktop/projects/dissertation-chaos/gatling/target/gatling/ordersimulation-20260706034023084
none__cascading_failure__08,none,cascading_failure,8,2026-07-06T03:46:25.692691+00:00,2026-07-06T03:52:34.799101+00:00,ok,,806.0,803.0,3.0,0.0037220843672456,21453.0,22385.0,22649.0,20239.0,2.29,,0.0130686102035687,243269632.0,0.0065634590027912,False,/Users/pavan-work/Desktop/projects/dissertation-chaos/gatling/target/gatling/ordersimulation-20260706034642158
none__cascading_failure__09,none,cascading_failure,9,2026-07-06T03:52:44.806820+00:00,2026-07-06T03:58:51.057829+00:00,ok,,804.0,798.0,6.0,0.0074626865671641,21496.0,22409.0,22819.0,20255.0,2.28,,0.0070351758793969,241172480.0,0.0058517500001471,False,/Users/pavan-work/Desktop/projects/dissertation-chaos/gatling/target/gatling/ordersimulation-20260706035258667
none__cascading_failure__10,none,cascading_failure,10,2026-07-06T03:59:01.065125+00:00,2026-07-06T04:05:06.837230+00:00,ok,,799.0,794.0,5.0,0.0062578222778473,21592.0,22664.0,23053.0,20386.0,2.27,,0.014831573655103,244318208.0,0.0057518330067978,False,/Users/pavan-work/Desktop/projects/dissertation-chaos/gatling/target/gatling/ordersimulation-20260706035914914
none__cascading_failure__11,none,cascading_failure,11,2026-07-06T04:05:16.844667+00:00,2026-07-06T04:11:22.332277+00:00,ok,,807.0,800.0,7.0,0.0086741016109045,21373.0,22343.0,22855.0,20168.0,2.3,,0.0090955027791814,245366784.0,0.0060469160016509,False,/Users/pavan-work/Desktop/projects/dissertation-chaos/gatling/target/gatling/ordersimulation-20260706040530793
none__cascading_failure__12,none,cascading_failure,12,2026-07-06T04:11:32.336907+00:00,2026-07-06T04:17:39.043932+00:00,ok,,806.0,800.0,6.0,0.0074441687344913,21420.0,22390.0,22821.0,20223.0,2.29,,0.0075452716297786,243269632.0,0.0066342089994577,False,/Users/pavan-work/Desktop/projects/dissertation-chaos/gatling/target/gatling/ordersimulation-20260706041146305
none__cascading_failure__13,none,cascading_failure,13,2026-07-06T04:17:49.051623+00:00,2026-07-06T04:23:55.718127+00:00,ok,,807.0,800.0,7.0,0.0086741016109045,21372.0,22330.0,22762.0,20176.0,2.29,,0.0112416964741951,242221056.0,0.0037295829970389,False,/Users/pavan-work/Desktop/projects/dissertation-chaos/gatling/target/gatling/ordersimulation-20260706041803051
none__cascading_failure__14,none,cascading_failure,14,2026-07-06T04:24:05.727278+00:00,2026-07-06T04:30:11.935585+00:00,ok,,803.0,800.0,3.0,0.0037359900373599,21387.0,22389.0,22771.0,20256.0,2.28,,0.0075169130543723,242221056.0,0.005937999994785,False,/Users/pavan-work/Desktop/projects/dissertation-chaos/gatling/target/gatling/ordersimulation-20260706042419884
none__cascading_failure__15,none,cascading_failure,15,2026-07-06T04:30:21.942417+00:00,2026-07-06T04:36:27.617276+00:00,ok,,804.0,797.0,7.0,0.0087064676616915,21408.0,22410.0,22702.0,20264.0,2.29,,0.016624685138539,244318208.0,0.0038686250045429,False,/Users/pavan-work/Desktop/projects/dissertation-chaos/gatling/target/gatling/ordersimulation-20260706043035722
none__cascading_failure__16,none,cascading_failure,16,2026-07-06T04:36:37.624786+00:00,2026-07-06T04:42:43.351437+00:00,ok,,801.0,798.0,3.0,0.0037453183520599,21595.0,22435.0,22742.0,20310.0,2.28,,0.0088006034699522,245366784.0,0.0042069999981322,False,/Users/pavan-work/Desktop/projects/dissertation-chaos/gatling/target/gatling/ordersimulation-20260706043651598
none__cascading_failure__17,none,cascading_failure,17,2026-07-06T04:42:53.359698+00:00,2026-07-06T04:49:02.091450+00:00,ok,,806.0,799.0,7.0,0.0086848635235732,21374.0,22492.0,22806.0,20211.0,2.29,,0.0153112449799196,244318208.0,0.0080374589961138,False,/Users/pavan-work/Desktop/projects/dissertation-chaos/gatling/target/gatling/ordersimulation-20260706044309664
none__cascading_failure__18,none,cascading_failure,18,2026-07-06T04:49:12.104669+00:00,2026-07-06T04:55:21.455703+00:00,ok,,810.0,798.0,12.0,0.0148148148148148,21278.0,22387.0,22809.0,20142.0,2.29,,0.0075585789871504,244318208.0,0.0067307499994058,False,/Users/pavan-work/Desktop/projects/dissertation-chaos/gatling/target/gatling/ordersimulation-20260706044927792
none__cascading_failure__19,none,cascading_failure,19,2026-07-06T04:55:31.466928+00:00,2026-07-06T05:01:38.739532+00:00,ok,,808.0,803.0,5.0,0.0061881188118811,21363.0,22400.0,22702.0,20182.0,2.3,,0.0072900955253896,245366776.0,0.00865087499551,False,/Users/pavan-work/Desktop/projects/dissertation-chaos/gatling/target/gatling/ordersimulation-20260706045546927
none__cascading_failure__20,none,cascading_failure,20,2026-07-06T05:01:48.752976+00:00,2026-07-06T05:07:55.261499+00:00,ok,,805.0,796.0,9.0,0.0111801242236024,21470.0,22390.0,22708.0,20252.0,2.29,0.0,0.0063067608476286,242221056.0,0.0062052919965935,False,/Users/pavan-work/Desktop/projects/dissertation-chaos/gatling/target/gatling/ordersimulation-20260706050204429
circuit-breaker__service_termination__01,circuit-breaker,service_termination,1,2026-07-06T05:08:23.609608+00:00,2026-07-06T05:14:23.652370+00:00,ok,,136786.0,0.0,136786.0,1.0,89.0,272.0,450.0,115.0,413.25,,1.0,185597952.0,18.14315020800132,True,/Users/pavan-work/Desktop/projects/dissertation-chaos/gatling/target/gatling/ordersimulation-20260706050831252
circuit-breaker__service_termination__02,circuit-breaker,service_termination,2,2026-07-06T05:14:33.662642+00:00,2026-07-06T05:20:37.524553+00:00,ok,,126375.0,0.0,126375.0,1.0,92.0,325.0,637.0,125.0,381.8,,0.5287708546135512,186646528.0,17.33469933399465,True,/Users/pavan-work/Desktop/projects/dissertation-chaos/gatling/target/gatling/ordersimulation-20260706051445879
circuit-breaker__service_termination__03,circuit-breaker,service_termination,3,2026-07-06T05:20:47.536099+00:00,2026-07-06T05:26:52.759707+00:00,ok,,138284.0,0.0,138284.0,1.0,89.0,265.0,497.0,114.0,417.78,1.0,0.3774739114789492,187695104.0,16.900883750000503,True,/Users/pavan-work/Desktop/projects/dissertation-chaos/gatling/target/gatling/ordersimulation-20260706052101234
circuit-breaker__service_termination__04,circuit-breaker,service_termination,4,2026-07-06T05:27:02.772234+00:00,2026-07-06T05:33:08.105928+00:00,ok,,135368.0,0.0,135368.0,1.0,87.0,275.0,573.0,116.0,408.97,,0.4778350515463917,185597952.0,16.94596879099845,True,/Users/pavan-work/Desktop/projects/dissertation-chaos/gatling/target/gatling/ordersimulation-20260706052716419
circuit-breaker__service_termination__05,circuit-breaker,service_termination,5,2026-07-06T05:33:18.120003+00:00,2026-07-06T05:39:23.050190+00:00,ok,,127145.0,0.0,127145.0,1.0,90.0,295.0,672.0,124.0,384.12,,0.7173174872665535,220200960.0,17.081656374997692,True,/Users/pavan-work/Desktop/projects/dissertation-chaos/gatling/target/gatling/ordersimulation-20260706053330649
circuit-breaker__service_termination__06,circuit-breaker,service_termination,6,2026-07-06T05:39:33.065679+00:00,2026-07-06T05:45:42.286208+00:00,ok,,114296.0,0.0,114296.0,1.0,104.0,331.0,594.0,138.0,343.23,1.0,0.5054901960784314,267386872.0,16.20587441600219,True,/Users/pavan-work/Desktop/projects/dissertation-chaos/gatling/target/gatling/ordersimulation-20260706053944497
circuit-breaker__service_termination__07,circuit-breaker,service_termination,7,2026-07-06T05:45:52.300847+00:00,2026-07-06T05:52:02.278070+00:00,ok,,140286.0,0.0,140286.0,1.0,70.0,290.0,798.0,112.0,421.28,1.0,0.6241042345276873,262144000.0,16.22989020899695,True,/Users/pavan-work/Desktop/projects/dissertation-chaos/gatling/target/gatling/ordersimulation-20260706054605147
circuit-breaker__service_termination__08,circuit-breaker,service_termination,8,2026-07-06T05:52:12.361000+00:00,2026-07-06T05:58:13.186809+00:00,ok,,214888.0,0.0,214888.0,1.0,53.0,202.0,474.0,73.0,649.21,,0.5808929428708594,263192576.0,18.77674637499877,True,/Users/pavan-work/Desktop/projects/dissertation-chaos/gatling/target/gatling/ordersimulation-20260706055221285
circuit-breaker__service_termination__09,circuit-breaker,service_termination,9,2026-07-06T05:58:23.201957+00:00,2026-07-06T06:04:22.615044+00:00,ok,,192559.0,0.0,192559.0,1.0,44.0,287.0,693.0,82.0,581.75,,0.5998498498498499,267386872.0,17.652638250001473,True,/Users/pavan-work/Desktop/projects/dissertation-chaos/gatling/target/gatling/ordersimulation-20260706055828885
circuit-breaker__service_termination__11,circuit-breaker,service_termination,11,2026-07-06T06:10:38.439924+00:00,2026-07-06T06:16:37.357193+00:00,ok,,157695.0,0.0,157695.0,1.0,52.0,179.0,881.0,100.0,476.42,1.0,0.6804123711340206,653262848.0,20.597743792000983,True,/Users/pavan-work/Desktop/projects/dissertation-chaos/gatling/target/gatling/ordersimulation-20260706061043974
circuit-breaker__service_termination__19,circuit-breaker,service_termination,19,2026-07-06T06:37:46.838809+00:00,2026-07-06T06:43:44.045486+00:00,ok,,92210.0,0.0,92210.0,1.0,60.0,334.0,629.0,175.0,272.01,,1.0,442499072.0,8.349985749999178,True,/Users/pavan-work/Desktop/projects/dissertation-chaos/gatling/target/gatling/ordersimulation-20260706063754010
circuit-breaker__service_termination__20,circuit-breaker,service_termination,20,2026-07-06T06:43:54.060031+00:00,2026-07-06T06:49:53.800575+00:00,ok,,119994.0,0.0,119994.0,1.0,85.0,324.0,781.0,131.0,362.52,,0.5353535353535354,439353344.0,18.416854875002173,True,/Users/pavan-work/Desktop/projects/dissertation-chaos/gatling/target/gatling/ordersimulation-20260706064400095
circuit-breaker__latency_injection__01,circuit-breaker,latency_injection,1,2026-07-06T06:50:03.821129+00:00,2026-07-06T06:56:03.025843+00:00,ok,,814.0,777.0,37.0,0.0454545454545454,21227.0,22369.0,23080.0,20014.0,2.31,,0.0487244897959183,437256192.0,0.0076121659949421,False,/Users/pavan-work/Desktop/projects/dissertation-chaos/gatling/target/gatling/ordersimulation-20260706065010292
circuit-breaker__latency_injection__02,circuit-breaker,latency_injection,2,2026-07-06T06:56:13.039012+00:00,2026-07-06T07:02:11.512472+00:00,ok,,810.0,780.0,30.0,0.037037037037037,21297.0,22509.0,22833.0,20110.0,2.3,,0.0393442622950819,435159040.0,0.0083709590035141,False,/Users/pavan-work/Desktop/projects/dissertation-chaos/gatling/target/gatling/ordersimulation-20260706065618957
circuit-breaker__latency_injection__03,circuit-breaker,latency_injection,3,2026-07-06T07:02:21.527005+00:00,2026-07-06T07:08:21.456776+00:00,ok,,816.0,789.0,27.0,0.0330882352941176,21171.0,22338.0,22707.0,20020.0,2.31,,0.0733366935483871,393216000.0,0.0092653329993481,False,/Users/pavan-work/Desktop/projects/dissertation-chaos/gatling/target/gatling/ordersimulation-20260706070227605
circuit-breaker__latency_injection__04,circuit-breaker,latency_injection,4,2026-07-06T07:08:31.469848+00:00,2026-07-06T07:14:30.729857+00:00,ok,,817.0,787.0,30.0,0.03671970624235,21069.0,22437.0,22924.0,19925.0,2.32,,0.0767282856419346,436207616.0,0.0079419169996981,False,/Users/pavan-work/Desktop/projects/dissertation-chaos/gatling/target/gatling/ordersimulation-20260706070838396
circuit-breaker__latency_injection__05,circuit-breaker,latency_injection,5,2026-07-06T07:14:40.743068+00:00,2026-07-06T07:20:44.806543+00:00,ok,,815.0,789.0,26.0,0.0319018404907975,21161.0,22299.0,22619.0,20001.0,2.32,,0.0458621573148859,434110464.0,0.0078968329980853,False,/Users/pavan-work/Desktop/projects/dissertation-chaos/gatling/target/gatling/ordersimulation-20260706071451065
circuit-breaker__latency_injection__06,circuit-breaker,latency_injection,6,2026-07-06T07:20:54.814469+00:00,2026-07-06T07:27:06.478453+00:00,ok,,819.0,794.0,25.0,0.0305250305250305,21057.0,22198.0,22575.0,19853.0,2.33,,0.0442568431823995,437256192.0,0.0268537500014645,False,/Users/pavan-work/Desktop/projects/dissertation-chaos/gatling/target/gatling/ordersimulation-20260706072112290
circuit-breaker__latency_injection__07,circuit-breaker,latency_injection,7,2026-07-06T07:27:16.489563+00:00,2026-07-06T07:33:25.467892+00:00,ok,,813.0,793.0,20.0,0.02460024600246,21232.0,22318.0,22851.0,19967.0,2.32,,0.0244517267456516,437256192.0,0.0359491670023999,False,/Users/pavan-work/Desktop/projects/dissertation-chaos/gatling/target/gatling/ordersimulation-20260706072732906
circuit-breaker__latency_injection__08,circuit-breaker,latency_injection,8,2026-07-06T07:33:35.481378+00:00,2026-07-06T07:39:46.747258+00:00,ok,,807.0,798.0,9.0,0.0111524163568773,21349.0,22384.0,22767.0,20176.0,2.29,,0.0497575912222505,438304768.0,0.0441565000000991,False,/Users/pavan-work/Desktop/projects/dissertation-chaos/gatling/target/gatling/ordersimulation-20260706073351999
circuit-breaker__latency_injection__09,circuit-breaker,latency_injection,9,2026-07-06T07:39:56.762015+00:00,2026-07-06T07:46:10.431823+00:00,ok,,812.0,796.0,16.0,0.0197044334975369,21240.0,22321.0,22745.0,20072.0,2.31,,0.0277424280987528,422576120.0,0.0510570830010692,False,/Users/pavan-work/Desktop/projects/dissertation-chaos/gatling/target/gatling/ordersimulation-20260706074014503
circuit-breaker__latency_injection__10,circuit-breaker,latency_injection,10,2026-07-06T07:46:20.446055+00:00,2026-07-06T07:52:30.952945+00:00,ok,,813.0,790.0,23.0,0.028290282902829,21212.0,22288.0,22622.0,20033.0,2.32,,0.0318101489522847,436207608.0,0.0263754589977907,False,/Users/pavan-work/Desktop/projects/dissertation-chaos/gatling/target/gatling/ordersimulation-20260706074637036
circuit-breaker__latency_injection__11,circuit-breaker,latency_injection,11,2026-07-06T07:52:40.972095+00:00,2026-07-06T07:58:52.233676+00:00,ok,,813.0,783.0,30.0,0.03690036900369,21221.0,22383.0,22790.0,20005.0,2.32,,0.0412558380902957,435159040.0,0.0316601249942323,False,/Users/pavan-work/Desktop/projects/dissertation-chaos/gatling/target/gatling/ordersimulation-20260706075258696
circuit-breaker__latency_injection__12,circuit-breaker,latency_injection,12,2026-07-06T07:59:02.248335+00:00,2026-07-06T08:05:14.399037+00:00,ok,,816.0,786.0,30.0,0.0367647058823529,21103.0,22345.0,22823.0,19968.0,2.32,,0.0324559161768464,434110464.0,0.0557604170026024,False,/Users/pavan-work/Desktop/projects/dissertation-chaos/gatling/target/gatling/ordersimulation-20260706075918935
circuit-breaker__latency_injection__13,circuit-breaker,latency_injection,13,2026-07-06T08:05:24.419904+00:00,2026-07-06T08:11:36.677231+00:00,ok,,817.0,797.0,20.0,0.0244798041615667,21193.0,22174.0,22608.0,19989.0,2.31,,0.0304259634888438,435159040.0,0.0404734580006334,False,/Users/pavan-work/Desktop/projects/dissertation-chaos/gatling/target/gatling/ordersimulation-20260706080541135
circuit-breaker__latency_injection__14,circuit-breaker,latency_injection,14,2026-07-06T08:11:46.688155+00:00,2026-07-06T08:17:59.925016+00:00,ok,,818.0,796.0,22.0,0.0268948655256723,21100.0,22163.0,22531.0,19911.0,2.32,,0.0211788721612656,437256192.0,0.02328608300013,False,/Users/pavan-work/Desktop/projects/dissertation-chaos/gatling/target/gatling/ordersimulation-20260706081204386
circuit-breaker__latency_injection__15,circuit-breaker,latency_injection,15,2026-07-06T08:18:09.934865+00:00,2026-07-06T08:24:20.768513+00:00,ok,,816.0,782.0,34.0,0.0416666666666666,21120.0,22411.0,22905.0,19962.0,2.32,,0.0416452442159383,437256192.0,0.0997550410029362,False,/Users/pavan-work/Desktop/projects/dissertation-chaos/gatling/target/gatling/ordersimulation-20260706081826189
circuit-breaker__latency_injection__16,circuit-breaker,latency_injection,16,2026-07-06T08:24:30.784055+00:00,2026-07-06T08:30:42.860997+00:00,ok,,812.0,786.0,26.0,0.0320197044334975,21272.0,22451.0,22931.0,20021.0,2.31,,0.0510411376333164,391118848.0,0.0364949169961619,False,/Users/pavan-work/Desktop/projects/dissertation-chaos/gatling/target/gatling/ordersimulation-20260706082448753
circuit-breaker__latency_injection__17,circuit-breaker,latency_injection,17,2026-07-06T08:30:52.878662+00:00,2026-07-06T08:37:05.087078+00:00,ok,,818.0,801.0,17.0,0.0207823960880195,21106.0,22315.0,22648.0,19892.0,2.33,,0.0704892162019989,437256192.0,0.0565916250052396,False,/Users/pavan-work/Desktop/projects/dissertation-chaos/gatling/target/gatling/ordersimulation-20260706083111041
circuit-breaker__latency_injection__18,circuit-breaker,latency_injection,18,2026-07-06T08:37:15.105684+00:00,2026-07-06T08:43:26.632120+00:00,ok,,813.0,782.0,31.0,0.038130381303813,21279.0,22361.0,22932.0,20021.0,2.32,,0.0336328626444159,434110464.0,0.0580855829975917,False,/Users/pavan-work/Desktop/projects/dissertation-chaos/gatling/target/gatling/ordersimulation-20260706083732121
circuit-breaker__latency_injection__19,circuit-breaker,latency_injection,19,2026-07-06T08:43:36.649789+00:00,2026-07-06T08:49:54.320042+00:00,ok,,828.0,789.0,39.0,0.0471014492753623,20913.0,22307.0,22748.0,19713.0,2.35,,0.0548274939823482,436207616.0,0.0393273329973453,False,/Users/pavan-work/Desktop/projects/dissertation-chaos/gatling/target/gatling/ordersimulation-20260706084357949
circuit-breaker__latency_injection__20,circuit-breaker,latency_injection,20,2026-07-06T08:50:04.331277+00:00,2026-07-06T08:56:21.668169+00:00,ok,,831.0,794.0,37.0,0.0445246690734055,20696.0,22097.0,22575.0,19651.0,2.35,,0.0398830098378091,437256192.0,0.0097153750029974,False,/Users/pavan-work/Desktop/projects/dissertation-chaos/gatling/target/gatling/ordersimulation-20260706085026204
circuit-breaker__partial_failure__01,circuit-breaker,partial_failure,1,2026-07-06T08:56:31.681183+00:00,2026-07-06T09:02:23.750348+00:00,ok,,1573.0,1467.0,106.0,0.0673871582962492,10641.0,11447.0,11860.0,10191.0,4.61,,0.0486772486772486,432013312.0,0.0122011249986826,False,/Users/pavan-work/Desktop/projects/dissertation-chaos/gatling/target/gatling/ordersimulation-20260706085640503
circuit-breaker__partial_failure__02,circuit-breaker,partial_failure,2,2026-07-06T09:02:33.763503+00:00,2026-07-06T09:08:27.360216+00:00,ok,,1564.0,1468.0,96.0,0.0613810741687979,10716.0,11431.0,11759.0,10246.0,4.57,,0.0540679711637487,434110464.0,0.0273503749995143,False,/Users/pavan-work/Desktop/projects/dissertation-chaos/gatling/target/gatling/ordersimulation-20260706090242898
circuit-breaker__service_termination__10,circuit-breaker,service_termination,10,2026-07-06T13:31:44.423533+00:00,2026-07-06T13:37:41.852592+00:00,ok,,170679.0,0.0,170679.0,1.0,72.0,230.0,381.0,92.0,515.65,,0.4440984117097478,204472320.0,18.85694012500608,True,/Users/pavan-work/Desktop/projects/dissertation-chaos/gatling/target/gatling/ordersimulation-20260706133148592
circuit-breaker__service_termination__12,circuit-breaker,service_termination,12,2026-07-06T13:37:51.865498+00:00,2026-07-06T13:43:52.857741+00:00,ok,,130938.0,0.0,130938.0,1.0,90.0,292.0,551.0,120.0,395.58,,0.4756399669694467,213909504.0,19.55451095799799,True,/Users/pavan-work/Desktop/projects/dissertation-chaos/gatling/target/gatling/ordersimulation-20260706133800102
circuit-breaker__service_termination__13,circuit-breaker,service_termination,13,2026-07-06T13:44:02.868576+00:00,2026-07-06T13:50:07.824401+00:00,ok,,155660.0,0.0,155660.0,1.0,76.0,251.0,491.0,101.0,470.27,,0.365792759051186,213909504.0,21.572541041998196,True,/Users/pavan-work/Desktop/projects/dissertation-chaos/gatling/target/gatling/ordersimulation-20260706134412763
circuit-breaker__service_termination__14,circuit-breaker,service_termination,14,2026-07-06T13:50:17.834740+00:00,2026-07-06T13:56:16.381218+00:00,ok,,169214.0,0.0,169214.0,1.0,72.0,220.0,374.0,93.0,511.22,,0.3961516694963214,256901120.0,17.5363647080012,True,/Users/pavan-work/Desktop/projects/dissertation-chaos/gatling/target/gatling/ordersimulation-20260706135025650
circuit-breaker__service_termination__15,circuit-breaker,service_termination,15,2026-07-06T13:56:26.390840+00:00,2026-07-06T14:02:27.649621+00:00,ok,,205467.0,0.0,205467.0,1.0,50.0,188.0,468.0,77.0,620.75,,0.610576923076923,253755392.0,20.685457749998022,True,/Users/pavan-work/Desktop/projects/dissertation-chaos/gatling/target/gatling/ordersimulation-20260706135634543
circuit-breaker__service_termination__16,circuit-breaker,service_termination,16,2026-07-06T14:02:37.656310+00:00,2026-07-06T14:08:36.748099+00:00,ok,,268315.0,0.0,268315.0,1.0,29.0,141.0,1194.0,59.0,805.75,,0.3550080775444265,252706816.0,18.80472324999573,True,/Users/pavan-work/Desktop/projects/dissertation-chaos/gatling/target/gatling/ordersimulation-20260706140241688
circuit-breaker__service_termination__17,circuit-breaker,service_termination,17,2026-07-06T14:08:46.759012+00:00,2026-07-06T14:14:46.877105+00:00,ok,,249620.0,0.0,249620.0,1.0,33.0,163.0,725.0,63.0,747.37,,0.5300063171193936,250609664.0,20.591485791002924,True,/Users/pavan-work/Desktop/projects/dissertation-chaos/gatling/target/gatling/ordersimulation-20260706140850532
circuit-breaker__service_termination__18,circuit-breaker,service_termination,18,2026-07-06T14:14:56.890182+00:00,2026-07-06T14:20:51.803747+00:00,ok,,205910.0,0.0,205910.0,1.0,31.0,251.0,1392.0,76.0,622.08,1.0,0.5224641037517369,256901120.0,16.25601425000059,True,/Users/pavan-work/Desktop/projects/dissertation-chaos/gatling/target/gatling/ordersimulation-20260706141500879
circuit-breaker__partial_failure__04,circuit-breaker,partial_failure,4,2026-07-06T14:21:01.815521+00:00,2026-07-06T14:26:48.072763+00:00,ok,,1530.0,1466.0,64.0,0.0418300653594771,10956.0,11607.0,11929.0,10482.0,4.47,,0.0852286928267933,249561088.0,0.0076069999995524,False,/Users/pavan-work/Desktop/projects/dissertation-chaos/gatling/target/gatling/ordersimulation-20260706142105677
circuit-breaker__partial_failure__05,circuit-breaker,partial_failure,5,2026-07-06T14:26:58.081235+00:00,2026-07-06T14:32:46.915634+00:00,ok,,1519.0,1414.0,105.0,0.0691244239631336,11023.0,11795.0,12989.0,10566.0,4.43,,0.1185417672621921,95420416.0,0.0353979159990558,False,/Users/pavan-work/Desktop/projects/dissertation-chaos/gatling/target/gatling/ordersimulation-20260706142702584
circuit-breaker__partial_failure__06,circuit-breaker,partial_failure,6,2026-07-06T14:32:56.926573+00:00,2026-07-06T14:39:52.987757+00:00,ok,,1539.0,1485.0,54.0,0.0350877192982456,10878.0,11597.0,11846.0,10419.0,4.5,,0.0381531656068565,98566144.0,0.0055897920028655,False,/Users/pavan-work/Desktop/projects/dissertation-chaos/gatling/target/gatling/ordersimulation-20260706143302798
circuit-breaker__partial_failure__08,circuit-breaker,partial_failure,8,2026-07-06T14:45:54.229937+00:00,2026-07-06T14:51:39.831699+00:00,ok,,1541.0,1479.0,62.0,0.0402336145360155,10905.0,11466.0,11684.0,10407.0,4.52,,0.0244825845532559,263192576.0,0.0070725829937146,False,/Users/pavan-work/Desktop/projects/dissertation-chaos/gatling/target/gatling/ordersimulation-20260706144558135
circuit-breaker__partial_failure__09,circuit-breaker,partial_failure,9,2026-07-06T14:51:49.846566+00:00,2026-07-06T14:57:35.029734+00:00,ok,,1550.0,1498.0,52.0,0.0335483870967741,10818.0,11441.0,11665.0,10338.0,4.55,,0.0175967823026646,258998272.0,0.0065577499990467,False,/Users/pavan-work/Desktop/projects/dissertation-chaos/gatling/target/gatling/ordersimulation-20260706145153490
circuit-breaker__partial_failure__10,circuit-breaker,partial_failure,10,2026-07-06T14:57:45.042512+00:00,2026-07-06T15:03:30.642571+00:00,ok,,1553.0,1488.0,65.0,0.0418544752092723,10806.0,11431.0,11689.0,10325.0,4.54,,0.0186727226848347,254803968.0,0.0063928329982445,False,/Users/pavan-work/Desktop/projects/dissertation-chaos/gatling/target/gatling/ordersimulation-20260706145748488
circuit-breaker__partial_failure__11,circuit-breaker,partial_failure,11,2026-07-06T15:03:40.655822+00:00,2026-07-06T15:09:25.935420+00:00,ok,,1550.0,1496.0,54.0,0.0348387096774193,10800.0,11425.0,11656.0,10331.0,4.55,,0.0188247265326888,257949696.0,0.0069322500057751,False,/Users/pavan-work/Desktop/projects/dissertation-chaos/gatling/target/gatling/ordersimulation-20260706150344473
circuit-breaker__partial_failure__12,circuit-breaker,partial_failure,12,2026-07-06T15:09:35.949048+00:00,2026-07-06T15:15:21.552997+00:00,ok,,1556.0,1507.0,49.0,0.031491002570694,10805.0,11407.0,11617.0,10300.0,4.56,,0.0168893370305016,256901120.0,0.0061927910064696,False,/Users/pavan-work/Desktop/projects/dissertation-chaos/gatling/target/gatling/ordersimulation-20260706150939547
circuit-breaker__partial_failure__13,circuit-breaker,partial_failure,13,2026-07-06T15:15:31.560585+00:00,2026-07-06T15:21:23.794162+00:00,ok,,1560.0,1513.0,47.0,0.0301282051282051,10773.0,11401.0,11683.0,10282.0,4.57,,0.015897047691143,255852544.0,0.0270100420020753,False,/Users/pavan-work/Desktop/projects/dissertation-chaos/gatling/target/gatling/ordersimulation-20260706151541064
circuit-breaker__partial_failure__14,circuit-breaker,partial_failure,14,2026-07-06T15:21:33.807215+00:00,2026-07-06T15:27:29.436533+00:00,ok,,1541.0,1498.0,43.0,0.0279039584685269,10909.0,11510.0,11761.0,10411.0,4.52,,0.0224747474747474,254803968.0,0.0134607090003555,False,/Users/pavan-work/Desktop/projects/dissertation-chaos/gatling/target/gatling/ordersimulation-20260706152146324
circuit-breaker__partial_failure__15,circuit-breaker,partial_failure,15,2026-07-06T15:27:39.443742+00:00,2026-07-06T15:33:34.345329+00:00,ok,,1543.0,1495.0,48.0,0.0311082307193778,10848.0,11488.0,11735.0,10372.0,4.52,,0.0194936708860759,252706816.0,0.0201043749984819,False,/Users/pavan-work/Desktop/projects/dissertation-chaos/gatling/target/gatling/ordersimulation-20260706152751635
circuit-breaker__partial_failure__16,circuit-breaker,partial_failure,16,2026-07-06T15:33:44.355868+00:00,2026-07-06T15:39:39.671945+00:00,ok,,1554.0,1489.0,65.0,0.0418275418275418,10789.0,11405.0,11598.0,10309.0,4.54,,0.024254674077817,254803968.0,0.0083152500010328,False,/Users/pavan-work/Desktop/projects/dissertation-chaos/gatling/target/gatling/ordersimulation-20260706153356898
circuit-breaker__partial_failure__17,circuit-breaker,partial_failure,17,2026-07-06T15:39:49.684991+00:00,2026-07-06T15:45:37.053304+00:00,ok,,1552.0,1494.0,58.0,0.0373711340206185,10815.0,11386.0,11640.0,10320.0,4.55,,0.0237426601991319,255852544.0,0.0095238330031861,False,/Users/pavan-work/Desktop/projects/dissertation-chaos/gatling/target/gatling/ordersimulation-20260706153955084
circuit-breaker__partial_failure__18,circuit-breaker,partial_failure,18,2026-07-06T15:45:47.066392+00:00,2026-07-06T15:51:34.045138+00:00,ok,,1547.0,1493.0,54.0,0.0349062702003878,10862.0,11508.0,11724.0,10356.0,4.54,,0.0223010643689812,254803968.0,0.0086490839967154,False,/Users/pavan-work/Desktop/projects/dissertation-chaos/gatling/target/gatling/ordersimulation-20260706154552094
circuit-breaker__partial_failure__19,circuit-breaker,partial_failure,19,2026-07-06T15:51:44.058269+00:00,2026-07-06T15:57:31.223532+00:00,ok,,1541.0,1480.0,61.0,0.0395846852693056,10878.0,11506.0,11721.0,10397.0,4.52,,0.0189298334174659,256901120.0,0.0079048330007935,False,/Users/pavan-work/Desktop/projects/dissertation-chaos/gatling/target/gatling/ordersimulation-20260706155149368
circuit-breaker__partial_failure__20,circuit-breaker,partial_failure,20,2026-07-06T15:57:41.237934+00:00,2026-07-06T16:03:26.622839+00:00,ok,,1553.0,1504.0,49.0,0.0315518351577591,10797.0,11450.0,11705.0,10315.0,4.55,,0.0275322051022985,255852544.0,0.007746417002636,False,/Users/pavan-work/Desktop/projects/dissertation-chaos/gatling/target/gatling/ordersimulation-20260706155744853
circuit-breaker__cascading_failure__01,circuit-breaker,cascading_failure,1,2026-07-06T16:03:36.635487+00:00,2026-07-06T16:09:42.654584+00:00,ok,,805.0,788.0,17.0,0.0211180124223602,21419.0,22346.0,22759.0,20212.0,2.29,,0.0186520765978612,255852544.0,0.007632167005795,False,/Users/pavan-work/Desktop/projects/dissertation-chaos/gatling/target/gatling/ordersimulation-20260706160350280
circuit-breaker__cascading_failure__02,circuit-breaker,cascading_failure,2,2026-07-06T16:09:52.667314+00:00,2026-07-06T16:16:01.933887+00:00,ok,,803.0,790.0,13.0,0.0161892901618929,21474.0,22621.0,22987.0,20269.0,2.29,,0.0213675213675213,256901120.0,0.0256548330071382,False,/Users/pavan-work/Desktop/projects/dissertation-chaos/gatling/target/gatling/ordersimulation-20260706161009572
circuit-breaker__cascading_failure__03,circuit-breaker,cascading_failure,3,2026-07-06T16:16:11.943583+00:00,2026-07-06T16:22:24.774509+00:00,ok,,813.0,789.0,24.0,0.029520295202952,21228.0,22293.0,22707.0,20049.0,2.31,,0.0338983050847457,253755392.0,0.0422017079981742,False,/Users/pavan-work/Desktop/projects/dissertation-chaos/gatling/target/gatling/ordersimulation-20260706161631768
circuit-breaker__cascading_failure__04,circuit-breaker,cascading_failure,4,2026-07-06T16:22:34.800014+00:00,2026-07-06T16:28:49.854233+00:00,ok,,810.0,789.0,21.0,0.0259259259259259,21330.0,22386.0,22759.0,20110.0,2.3,,0.0344188509398993,255852544.0,0.0071557080082129,False,/Users/pavan-work/Desktop/projects/dissertation-chaos/gatling/target/gatling/ordersimulation-20260706162257015
circuit-breaker__cascading_failure__05,circuit-breaker,cascading_failure,5,2026-07-06T16:28:59.863466+00:00,2026-07-06T16:35:08.863235+00:00,ok,,807.0,790.0,17.0,0.0210656753407682,21458.0,22569.0,22932.0,20197.0,2.29,,0.0286164347597794,255852544.0,0.0079952499945648,False,/Users/pavan-work/Desktop/projects/dissertation-chaos/gatling/target/gatling/ordersimulation-20260706162915469
circuit-breaker__cascading_failure__06,circuit-breaker,cascading_failure,6,2026-07-06T16:35:18.871108+00:00,2026-07-06T16:41:28.282305+00:00,ok,,809.0,788.0,21.0,0.0259579728059332,21351.0,22553.0,22888.0,20177.0,2.29,,0.0415073730202075,256901120.0,0.012457250006264,False,/Users/pavan-work/Desktop/projects/dissertation-chaos/gatling/target/gatling/ordersimulation-20260706163534160
circuit-breaker__cascading_failure__07,circuit-breaker,cascading_failure,7,2026-07-06T16:41:38.290531+00:00,2026-07-06T16:47:47.440423+00:00,ok,,811.0,786.0,25.0,0.0308261405672009,21249.0,22400.0,22803.0,20107.0,2.3,,0.0489279824079164,255852544.0,0.0282061659963801,False,/Users/pavan-work/Desktop/projects/dissertation-chaos/gatling/target/gatling/ordersimulation-20260706164153518
circuit-breaker__cascading_failure__08,circuit-breaker,cascading_failure,8,2026-07-06T16:47:57.452888+00:00,2026-07-06T16:54:06.937832+00:00,ok,,808.0,791.0,17.0,0.021039603960396,21341.0,22438.0,22835.0,20167.0,2.3,,0.0208069018015732,257949688.0,0.0338938750064699,False,/Users/pavan-work/Desktop/projects/dissertation-chaos/gatling/target/gatling/ordersimulation-20260706164813781
circuit-breaker__cascading_failure__09,circuit-breaker,cascading_failure,9,2026-07-06T16:54:16.947723+00:00,2026-07-06T17:00:38.637365+00:00,ok,,811.0,792.0,19.0,0.0234278668310727,21313.0,22360.0,22795.0,20088.0,2.3,,0.041466024612092,253755392.0,0.0201538749970495,False,/Users/pavan-work/Desktop/projects/dissertation-chaos/gatling/target/gatling/ordersimulation-20260706165443326
circuit-breaker__cascading_failure__10,circuit-breaker,cascading_failure,10,2026-07-06T17:00:48.647813+00:00,2026-07-06T17:07:13.234570+00:00,ok,,809.0,782.0,27.0,0.0333745364647713,21417.0,22479.0,22942.0,20186.0,2.3,0.1018637951869821,0.0582606248240923,254803968.0,0.008356582999113,False,/Users/pavan-work/Desktop/projects/dissertation-chaos/gatling/target/gatling/ordersimulation-20260706170118232
circuit-breaker__cascading_failure__11,circuit-breaker,cascading_failure,11,2026-07-06T17:07:23.242193+00:00,2026-07-06T17:13:32.384749+00:00,ok,,804.0,785.0,19.0,0.0236318407960199,21497.0,22524.0,22875.0,20250.0,2.28,,0.0401077521700089,256901120.0,0.0096744170004967,False,/Users/pavan-work/Desktop/projects/dissertation-chaos/gatling/target/gatling/ordersimulation-20260706170739416
circuit-breaker__cascading_failure__12,circuit-breaker,cascading_failure,12,2026-07-06T17:13:42.392177+00:00,2026-07-06T17:19:51.879193+00:00,ok,,809.0,780.0,29.0,0.0358467243510506,21341.0,22497.0,22890.0,20136.0,2.3,,0.0491623180444932,254803968.0,0.0240644580044318,False,/Users/pavan-work/Desktop/projects/dissertation-chaos/gatling/target/gatling/ordersimulation-20260706171357833
circuit-breaker__cascading_failure__13,circuit-breaker,cascading_failure,13,2026-07-06T17:20:01.889907+00:00,2026-07-06T17:26:19.969605+00:00,ok,,805.0,784.0,21.0,0.0260869565217391,21440.0,22473.0,22893.0,20192.0,2.29,,0.070584760779681,255852544.0,0.0135234580084215,False,/Users/pavan-work/Desktop/projects/dissertation-chaos/gatling/target/gatling/ordersimulation-20260706172027382
circuit-breaker__cascading_failure__14,circuit-breaker,cascading_failure,14,2026-07-06T17:26:29.981792+00:00,2026-07-06T17:32:46.621755+00:00,ok,,814.0,783.0,31.0,0.038083538083538,21256.0,22440.0,22954.0,20036.0,2.31,,0.0372754089568248,256901120.0,0.0067682910012081,False,/Users/pavan-work/Desktop/projects/dissertation-chaos/gatling/target/gatling/ordersimulation-20260706172652513
circuit-breaker__cascading_failure__15,circuit-breaker,cascading_failure,15,2026-07-06T17:32:56.631992+00:00,2026-07-06T17:39:05.753337+00:00,ok,,811.0,795.0,16.0,0.0197287299630086,21365.0,22377.0,22664.0,20144.0,2.3,,0.0229856024248547,256901120.0,0.0159192090068245,False,/Users/pavan-work/Desktop/projects/dissertation-chaos/gatling/target/gatling/ordersimulation-20260706173312855
circuit-breaker__cascading_failure__16,circuit-breaker,cascading_failure,16,2026-07-06T17:39:15.766280+00:00,2026-07-06T17:45:23.612093+00:00,ok,,804.0,788.0,16.0,0.0199004975124378,21500.0,22563.0,22951.0,20284.0,2.28,,0.017503805175038,256901120.0,0.006695000003674,False,/Users/pavan-work/Desktop/projects/dissertation-chaos/gatling/target/gatling/ordersimulation-20260706173930712
circuit-breaker__cascading_failure__17,circuit-breaker,cascading_failure,17,2026-07-06T17:45:33.625124+00:00,2026-07-06T17:51:41.704334+00:00,ok,,814.0,789.0,25.0,0.0307125307125307,21194.0,22327.0,22622.0,20027.0,2.31,,0.0186963112683173,256901120.0,0.0091512910003075,False,/Users/pavan-work/Desktop/projects/dissertation-chaos/gatling/target/gatling/ordersimulation-20260706174548824
circuit-breaker__cascading_failure__18,circuit-breaker,cascading_failure,18,2026-07-06T17:51:51.717837+00:00,2026-07-06T17:57:58.557532+00:00,ok,,809.0,784.0,25.0,0.0309023485784919,21288.0,22352.0,22784.0,20065.0,2.31,,0.0203148806500761,256901120.0,0.0459214170114137,False,/Users/pavan-work/Desktop/projects/dissertation-chaos/gatling/target/gatling/ordersimulation-20260706175207108
circuit-breaker__cascading_failure__19,circuit-breaker,cascading_failure,19,2026-07-06T17:58:08.574402+00:00,2026-07-06T18:04:19.828942+00:00,ok,,814.0,795.0,19.0,0.0233415233415233,21176.0,22250.0,22617.0,20033.0,2.31,,0.0231854838709677,255852544.0,0.0354773340077372,False,/Users/pavan-work/Desktop/projects/dissertation-chaos/gatling/target/gatling/ordersimulation-20260706175826004
circuit-breaker__cascading_failure__20,circuit-breaker,cascading_failure,20,2026-07-06T18:04:29.839077+00:00,2026-07-06T18:10:44.836179+00:00,ok,,810.0,793.0,17.0,0.0209876543209876,21338.0,22284.0,22662.0,20111.0,2.31,,0.0180225281602002,257949696.0,0.0171397919912124,False,/Users/pavan-work/Desktop/projects/dissertation-chaos/gatling/target/gatling/ordersimulation-20260706180452418
bulkhead__service_termination__01,bulkhead,service_termination,1,2026-07-06T18:12:50.695077+00:00,2026-07-06T18:18:49.626386+00:00,ok,,808.0,0.0,808.0,1.0,23031.0,25048.0,29884.0,20209.0,2.28,,0.065366100836078,141713112.0,0.0082392920012352,False,/Users/pavan-work/Desktop/projects/dissertation-chaos/gatling/target/gatling/ordersimulation-20260706181255514
bulkhead__service_termination__02,bulkhead,service_termination,2,2026-07-06T18:18:59.639917+00:00,2026-07-06T18:24:59.465041+00:00,ok,,791.0,0.0,791.0,1.0,23448.0,25042.0,25059.0,20690.0,2.24,,0.0752145381120646,138722792.0,0.0072409169952152,False,/Users/pavan-work/Desktop/projects/dissertation-chaos/gatling/target/gatling/ordersimulation-20260706181905325
bulkhead__service_termination__03,bulkhead,service_termination,3,2026-07-06T18:25:09.480904+00:00,2026-07-06T18:31:13.046789+00:00,ok,,767.0,0.0,767.0,1.0,24020.0,25046.0,25057.0,21331.0,2.16,,0.0455927051671732,136623832.0,0.0211576669971691,False,/Users/pavan-work/Desktop/projects/dissertation-chaos/gatling/target/gatling/ordersimulation-20260706182517208
bulkhead__service_termination__04,bulkhead,service_termination,4,2026-07-06T18:31:23.053035+00:00,2026-07-06T18:37:21.609320+00:00,ok,,734.0,0.0,734.0,1.0,25013.0,25049.0,25800.0,22078.0,2.1,,0.0437956204379562,135132824.0,0.016822959005367,False,/Users/pavan-work/Desktop/projects/dissertation-chaos/gatling/target/gatling/ordersimulation-20260706183130622
bulkhead__service_termination__05,bulkhead,service_termination,5,2026-07-06T18:37:31.623994+00:00,2026-07-06T18:43:32.606982+00:00,ok,,732.0,0.0,732.0,1.0,24562.0,25053.0,25144.0,22293.0,2.07,,0.0288315629742033,133419280.0,0.0274737500003539,False,/Users/pavan-work/Desktop/projects/dissertation-chaos/gatling/target/gatling/ordersimulation-20260706183739060
bulkhead__service_termination__06,bulkhead,service_termination,6,2026-07-06T18:43:42.617765+00:00,2026-07-06T18:49:39.220915+00:00,ok,,744.0,0.0,744.0,1.0,24098.0,25047.0,25108.0,21784.0,2.13,,0.0274351875157311,133021336.0,0.0345732500136364,False,/Users/pavan-work/Desktop/projects/dissertation-chaos/gatling/target/gatling/ordersimulation-20260706184349149
bulkhead__service_termination__07,bulkhead,service_termination,7,2026-07-06T18:49:49.236940+00:00,2026-07-06T18:55:44.635634+00:00,ok,,739.0,0.0,739.0,1.0,24215.0,25045.0,25113.0,21983.0,2.11,,0.0288388565646344,132515224.0,0.01152220799122,False,/Users/pavan-work/Desktop/projects/dissertation-chaos/gatling/target/gatling/ordersimulation-20260706184953024
bulkhead__service_termination__08,bulkhead,service_termination,8,2026-07-06T18:55:54.653844+00:00,2026-07-06T19:01:51.503801+00:00,ok,,740.0,0.0,740.0,1.0,24093.0,25039.0,25109.0,21970.0,2.1,,0.038859449911683,130891840.0,0.0080913330020848,False,/Users/pavan-work/Desktop/projects/dissertation-chaos/gatling/target/gatling/ordersimulation-20260706185558645
bulkhead__service_termination__09,bulkhead,service_termination,9,2026-07-06T19:02:01.516691+00:00,2026-07-06T19:08:02.957902+00:00,ok,,724.0,0.0,724.0,1.0,24184.0,25051.0,25129.0,22590.0,2.04,,0.0630060728744939,129258056.0,0.0089303749991813,False,/Users/pavan-work/Desktop/projects/dissertation-chaos/gatling/target/gatling/ordersimulation-20260706190205428
bulkhead__service_termination__10,bulkhead,service_termination,10,2026-07-06T19:08:12.962746+00:00,2026-07-06T19:14:11.655926+00:00,ok,,722.0,0.0,722.0,1.0,24190.0,25040.0,25123.0,22636.0,2.03,,0.0216026124089424,128597080.0,0.0166385829943465,False,/Users/pavan-work/Desktop/projects/dissertation-chaos/gatling/target/gatling/ordersimulation-20260706190816614
bulkhead__service_termination__11,bulkhead,service_termination,11,2026-07-06T19:14:21.668886+00:00,2026-07-06T19:20:19.571467+00:00,ok,,727.0,0.0,727.0,1.0,24622.0,25054.0,25129.0,22461.0,2.05,,0.0612244897959183,128974848.0,0.0091877090017078,False,/Users/pavan-work/Desktop/projects/dissertation-chaos/gatling/target/gatling/ordersimulation-20260706191425268
bulkhead__service_termination__12,bulkhead,service_termination,12,2026-07-06T19:20:29.584342+00:00,2026-07-06T19:26:28.834229+00:00,ok,,714.0,0.0,714.0,1.0,24992.0,25043.0,25121.0,22889.0,2.01,,0.0506138812327737,130023424.0,0.0068659579992527,False,/Users/pavan-work/Desktop/projects/dissertation-chaos/gatling/target/gatling/ordersimulation-20260706192033767
bulkhead__service_termination__13,bulkhead,service_termination,13,2026-07-06T19:26:38.847120+00:00,2026-07-06T19:32:37.523788+00:00,ok,,719.0,0.0,719.0,1.0,24839.0,25040.0,25101.0,22730.0,2.03,,0.0355701311806256,128974848.0,0.0070519169967155,False,/Users/pavan-work/Desktop/projects/dissertation-chaos/gatling/target/gatling/ordersimulation-20260706192642571
bulkhead__service_termination__14,bulkhead,service_termination,14,2026-07-06T19:32:47.537693+00:00,2026-07-06T19:38:47.177070+00:00,ok,,720.0,0.0,720.0,1.0,25016.0,25063.0,25116.0,22699.0,2.03,,0.0166037735849056,128974848.0,0.0261901250050868,False,/Users/pavan-work/Desktop/projects/dissertation-chaos/gatling/target/gatling/ordersimulation-20260706193251447
bulkhead__service_termination__15,bulkhead,service_termination,15,2026-07-06T19:38:57.183310+00:00,2026-07-06T19:44:58.312151+00:00,ok,,710.0,0.0,710.0,1.0,25019.0,25049.0,25125.0,22977.0,2.01,,0.0187781672508763,131072000.0,0.0189165420015342,False,/Users/pavan-work/Desktop/projects/dissertation-chaos/gatling/target/gatling/ordersimulation-20260706193904684
bulkhead__service_termination__16,bulkhead,service_termination,16,2026-07-06T19:45:08.316626+00:00,2026-07-06T19:51:05.853731+00:00,ok,,713.0,0.0,713.0,1.0,25000.0,25063.0,25154.0,22692.0,2.04,,0.0201156650741765,131072000.0,0.010744583007181,False,/Users/pavan-work/Desktop/projects/dissertation-chaos/gatling/target/gatling/ordersimulation-20260706194515203
bulkhead__service_termination__17,bulkhead,service_termination,17,2026-07-06T19:51:15.880548+00:00,2026-07-06T19:57:12.396597+00:00,ok,,717.0,0.0,717.0,1.0,24497.0,25043.0,25114.0,22643.0,2.04,,0.0254841997961264,131072000.0,0.009312125010183,False,/Users/pavan-work/Desktop/projects/dissertation-chaos/gatling/target/gatling/ordersimulation-20260706195119913
bulkhead__service_termination__18,bulkhead,service_termination,18,2026-07-06T19:57:22.410402+00:00,2026-07-06T20:03:19.466034+00:00,ok,,719.0,0.0,719.0,1.0,24531.0,25051.0,25131.0,22623.0,2.04,,0.0379874213836478,132120576.0,0.0106711249973159,False,/Users/pavan-work/Desktop/projects/dissertation-chaos/gatling/target/gatling/ordersimulation-20260706195726306
bulkhead__service_termination__19,bulkhead,service_termination,19,2026-07-06T20:03:29.478680+00:00,2026-07-06T20:09:28.662744+00:00,ok,,716.0,0.0,716.0,1.0,25018.0,25089.0,25172.0,22823.0,2.02,,0.0164390490642387,132120576.0,0.0061853749939473,False,/Users/pavan-work/Desktop/projects/dissertation-chaos/gatling/target/gatling/ordersimulation-20260706200333419
bulkhead__service_termination__20,bulkhead,service_termination,20,2026-07-06T20:09:38.675483+00:00,2026-07-06T20:15:37.416699+00:00,ok,,715.0,0.0,715.0,1.0,24992.0,25047.0,25125.0,22854.0,2.01,,0.0181497353163599,130023424.0,0.00675433401193,False,/Users/pavan-work/Desktop/projects/dissertation-chaos/gatling/target/gatling/ordersimulation-20260706200942433
bulkhead__latency_injection__01,bulkhead,latency_injection,1,2026-07-06T20:15:47.430456+00:00,2026-07-06T20:21:42.497814+00:00,ok,,800.0,777.0,23.0,0.02875,21557.0,22703.0,23098.0,20335.0,2.28,,0.0996986438975389,132120576.0,0.0076234999869484,False,/Users/pavan-work/Desktop/projects/dissertation-chaos/gatling/target/gatling/ordersimulation-20260706201551274
bulkhead__latency_injection__02,bulkhead,latency_injection,2,2026-07-06T20:21:52.511002+00:00,2026-07-06T20:27:49.260832+00:00,ok,,809.0,787.0,22.0,0.0271940667490729,21336.0,22509.0,22977.0,20165.0,2.3,,0.03411941796287,130023424.0,0.0082022920105373,False,/Users/pavan-work/Desktop/projects/dissertation-chaos/gatling/target/gatling/ordersimulation-20260706202156185
bulkhead__latency_injection__03,bulkhead,latency_injection,3,2026-07-06T20:27:59.273908+00:00,2026-07-06T20:33:56.586261+00:00,ok,,802.0,793.0,9.0,0.0112219451371571,21543.0,22513.0,22908.0,20361.0,2.27,,0.0326169405815423,128974848.0,0.0058514160045888,False,/Users/pavan-work/Desktop/projects/dissertation-chaos/gatling/target/gatling/ordersimulation-20260706202803287
bulkhead__latency_injection__04,bulkhead,latency_injection,4,2026-07-06T20:34:06.601525+00:00,2026-07-06T20:40:02.274555+00:00,ok,,804.0,785.0,19.0,0.0236318407960199,21448.0,22562.0,22897.0,20219.0,2.29,,0.019534184823441,131072000.0,0.0063872919999994,False,/Users/pavan-work/Desktop/projects/dissertation-chaos/gatling/target/gatling/ordersimulation-20260706203410697
bulkhead__latency_injection__05,bulkhead,latency_injection,5,2026-07-06T20:40:12.283789+00:00,2026-07-06T20:46:14.152398+00:00,ok,,807.0,790.0,17.0,0.0210656753407682,21467.0,22339.0,22695.0,20233.0,2.29,,0.0152400304800609,131072000.0,0.0271864589885808,False,/Users/pavan-work/Desktop/projects/dissertation-chaos/gatling/target/gatling/ordersimulation-20260706204020665
bulkhead__latency_injection__06,bulkhead,latency_injection,6,2026-07-06T20:46:24.166624+00:00,2026-07-06T20:52:24.485223+00:00,ok,,803.0,793.0,10.0,0.012453300124533,21476.0,22503.0,22772.0,20269.0,2.29,,0.0156368221941992,128974848.0,0.0137497919931774,False,/Users/pavan-work/Desktop/projects/dissertation-chaos/gatling/target/gatling/ordersimulation-20260706204631917
bulkhead__latency_injection__07,bulkhead,latency_injection,7,2026-07-06T20:52:34.499391+00:00,2026-07-06T20:58:32.799477+00:00,ok,,803.0,791.0,12.0,0.0149439601494396,21427.0,22566.0,22914.0,20253.0,2.29,,0.0197019449355897,132120576.0,0.0113972499966621,False,/Users/pavan-work/Desktop/projects/dissertation-chaos/gatling/target/gatling/ordersimulation-20260706205241977
bulkhead__latency_injection__08,bulkhead,latency_injection,8,2026-07-06T20:58:42.815580+00:00,2026-07-06T21:04:40.215627+00:00,ok,,806.0,792.0,14.0,0.0173697270471464,21444.0,22409.0,22690.0,20226.0,2.28,,0.032258064516129,130023424.0,0.0065800000011222,False,/Users/pavan-work/Desktop/projects/dissertation-chaos/gatling/target/gatling/ordersimulation-20260706205846641
bulkhead__latency_injection__09,bulkhead,latency_injection,9,2026-07-06T21:04:50.229077+00:00,2026-07-06T21:10:47.340175+00:00,ok,,812.0,788.0,24.0,0.0295566502463054,21243.0,22445.0,22854.0,20076.0,2.3,,0.0191822311963654,131072000.0,0.0097538340050959,False,/Users/pavan-work/Desktop/projects/dissertation-chaos/gatling/target/gatling/ordersimulation-20260706210454300
bulkhead__latency_injection__10,bulkhead,latency_injection,10,2026-07-06T21:10:57.353148+00:00,2026-07-06T21:16:52.698641+00:00,ok,,803.0,793.0,10.0,0.012453300124533,21462.0,22502.0,22870.0,20266.0,2.29,,0.0148802017654476,128974848.0,0.0070111250097397,False,/Users/pavan-work/Desktop/projects/dissertation-chaos/gatling/target/gatling/ordersimulation-20260706211101132
bulkhead__latency_injection__11,bulkhead,latency_injection,11,2026-07-06T21:17:02.711488+00:00,2026-07-06T21:22:59.159666+00:00,ok,,806.0,792.0,14.0,0.0173697270471464,21418.0,22552.0,22897.0,20232.0,2.29,,0.028894472361809,131072000.0,0.0070620000042254,False,/Users/pavan-work/Desktop/projects/dissertation-chaos/gatling/target/gatling/ordersimulation-20260706211706672
bulkhead__latency_injection__12,bulkhead,latency_injection,12,2026-07-06T21:23:09.172775+00:00,2026-07-06T21:29:06.421436+00:00,ok,,808.0,792.0,16.0,0.0198019801980198,21411.0,22589.0,22949.0,20237.0,2.29,,0.0215827338129496,130023424.0,0.009287958004279,False,/Users/pavan-work/Desktop/projects/dissertation-chaos/gatling/target/gatling/ordersimulation-20260706212312957
bulkhead__latency_injection__13,bulkhead,latency_injection,13,2026-07-06T21:29:16.434555+00:00,2026-07-06T21:35:12.548241+00:00,ok,,807.0,797.0,10.0,0.0123915737298636,21399.0,22423.0,22750.0,20190.0,2.29,,0.0115606936416184,131072000.0,0.0060602500016102,False,/Users/pavan-work/Desktop/projects/dissertation-chaos/gatling/target/gatling/ordersimulation-20260706212920138
bulkhead__latency_injection__14,bulkhead,latency_injection,14,2026-07-06T21:35:22.561608+00:00,2026-07-06T21:41:18.583988+00:00,ok,,805.0,787.0,18.0,0.0223602484472049,21456.0,22478.0,22835.0,20239.0,2.29,,0.0128885519332827,132120576.0,0.0066967500024475,False,/Users/pavan-work/Desktop/projects/dissertation-chaos/gatling/target/gatling/ordersimulation-20260706213526342
bulkhead__latency_injection__15,bulkhead,latency_injection,15,2026-07-07T15:08:16.435789+00:00,2026-07-07T15:14:28.491149+00:00,ok,,810.0,702.0,108.0,0.1333333333333333,21282.0,22805.0,23740.0,20098.0,2.3,,0.625,140761680.0,0.0251206670072861,False,/Users/pavan-work/Desktop/projects/dissertation-chaos/gatling/target/gatling/ordersimulation-20260707150833379
bulkhead__latency_injection__16,bulkhead,latency_injection,16,2026-07-07T15:14:38.500696+00:00,2026-07-07T15:20:38.162373+00:00,ok,,810.0,761.0,49.0,0.0604938271604938,21286.0,22607.0,23397.0,20095.0,2.3,,0.0921481481481481,138557992.0,0.0062340419972315,False,/Users/pavan-work/Desktop/projects/dissertation-chaos/gatling/target/gatling/ordersimulation-20260707151444843
bulkhead__latency_injection__17,bulkhead,latency_injection,17,2026-07-07T15:20:48.170512+00:00,2026-07-07T15:26:47.369345+00:00,ok,,815.0,737.0,78.0,0.0957055214723926,21208.0,22535.0,22970.0,19992.0,2.32,,0.1848325673013788,136600992.0,0.0526204579946352,False,/Users/pavan-work/Desktop/projects/dissertation-chaos/gatling/target/gatling/ordersimulation-20260707152053720
bulkhead__latency_injection__18,bulkhead,latency_injection,18,2026-07-07T15:26:57.380190+00:00,2026-07-07T15:33:07.111570+00:00,ok,,811.0,742.0,69.0,0.0850801479654747,21444.0,22604.0,23043.0,20073.0,2.3,,0.1253731343283582,134634080.0,0.0209563329990487,False,/Users/pavan-work/Desktop/projects/dissertation-chaos/gatling/target/gatling/ordersimulation-20260707152712817
bulkhead__latency_injection__19,bulkhead,latency_injection,19,2026-07-07T15:33:17.131803+00:00,2026-07-07T15:39:30.501690+00:00,ok,,799.0,772.0,27.0,0.0337922403003754,21660.0,22614.0,22984.0,20367.0,2.27,,0.0605590062111801,133484176.0,0.0076587500079767,False,/Users/pavan-work/Desktop/projects/dissertation-chaos/gatling/target/gatling/ordersimulation-20260707153336742
bulkhead__latency_injection__20,bulkhead,latency_injection,20,2026-07-07T15:39:40.514407+00:00,2026-07-07T15:45:39.512668+00:00,ok,,815.0,758.0,57.0,0.0699386503067484,21294.0,22526.0,22790.0,20005.0,2.32,,0.0408472012102874,133484176.0,0.0388792079902486,False,/Users/pavan-work/Desktop/projects/dissertation-chaos/gatling/target/gatling/ordersimulation-20260707153945775
bulkhead__partial_failure__01,bulkhead,partial_failure,1,2026-07-07T15:45:49.525261+00:00,2026-07-07T15:51:48.900359+00:00,ok,,1496.0,1350.0,146.0,0.0975935828877005,11099.0,12411.0,15219.0,10714.0,4.39,,0.4130790190735695,132626848.0,0.1318319999991217,False,/Users/pavan-work/Desktop/projects/dissertation-chaos/gatling/target/gatling/ordersimulation-20260707154602314
bulkhead__partial_failure__02,bulkhead,partial_failure,2,2026-07-07T15:51:58.922350+00:00,2026-07-07T15:57:55.340462+00:00,ok,,1540.0,1467.0,73.0,0.0474025974025974,10889.0,11565.0,11832.0,10398.0,4.52,,0.0484949832775919,129944992.0,0.0099378750019241,False,/Users/pavan-work/Desktop/projects/dissertation-chaos/gatling/target/gatling/ordersimulation-20260707155213004
bulkhead__partial_failure__03,bulkhead,partial_failure,3,2026-07-07T15:58:05.353613+00:00,2026-07-07T16:03:52.997911+00:00,ok,,1545.0,1458.0,87.0,0.0563106796116504,10861.0,11549.0,11786.0,10369.0,4.53,,0.042167135190391,129218704.0,0.0373906250024447,False,/Users/pavan-work/Desktop/projects/dissertation-chaos/gatling/target/gatling/ordersimulation-20260707155810425
bulkhead__partial_failure__04,bulkhead,partial_failure,4,2026-07-07T16:04:03.014408+00:00,2026-07-07T16:09:57.473802+00:00,ok,,1538.0,1471.0,67.0,0.0435630689206762,10907.0,11602.0,11901.0,10426.0,4.51,,0.0440982307895431,128427936.0,0.0126544169906992,False,/Users/pavan-work/Desktop/projects/dissertation-chaos/gatling/target/gatling/ordersimulation-20260707160414803
bulkhead__partial_failure__05,bulkhead,partial_failure,5,2026-07-07T16:10:07.481949+00:00,2026-07-07T16:15:57.504486+00:00,ok,,1547.0,1481.0,66.0,0.0426632191338073,10853.0,11511.0,11797.0,10353.0,4.52,,0.0548744892002335,127248240.0,0.0338887500111013,False,/Users/pavan-work/Desktop/projects/dissertation-chaos/gatling/target/gatling/ordersimulation-20260707161014037
bulkhead__partial_failure__06,bulkhead,partial_failure,6,2026-07-07T16:16:07.526325+00:00,2026-07-07T16:22:07.163129+00:00,ok,,1527.0,1450.0,77.0,0.0504256712508186,10962.0,11731.0,12106.0,10496.0,4.46,,0.0866708385481852,126657720.0,0.0189168749930104,False,/Users/pavan-work/Desktop/projects/dissertation-chaos/gatling/target/gatling/ordersimulation-20260707161622894
bulkhead__partial_failure__07,bulkhead,partial_failure,7,2026-07-07T16:22:17.171303+00:00,2026-07-07T16:28:20.929350+00:00,ok,,1504.0,1364.0,140.0,0.0930851063829787,10994.0,12567.0,13753.0,10668.0,4.4,,0.1479967293540474,126133824.0,0.032011125003919,False,/Users/pavan-work/Desktop/projects/dissertation-chaos/gatling/target/gatling/ordersimulation-20260707162235339
bulkhead__partial_failure__08,bulkhead,partial_failure,8,2026-07-07T16:28:30.941990+00:00,2026-07-07T16:34:41.234604+00:00,ok,,1537.0,1429.0,108.0,0.0702667534157449,10850.0,11591.0,11976.0,10429.0,4.49,,0.0913380519042804,125912248.0,0.066452291997848,False,/Users/pavan-work/Desktop/projects/dissertation-chaos/gatling/target/gatling/ordersimulation-20260707162855065
bulkhead__partial_failure__09,bulkhead,partial_failure,9,2026-07-07T16:34:51.249682+00:00,2026-07-07T16:40:50.984952+00:00,ok,,1523.0,1428.0,95.0,0.0623768877216021,10904.0,12401.0,13736.0,10514.0,4.47,,0.1313460642757336,125829120.0,0.0079146250063786,False,/Users/pavan-work/Desktop/projects/dissertation-chaos/gatling/target/gatling/ordersimulation-20260707163508411
bulkhead__partial_failure__10,bulkhead,partial_failure,10,2026-07-07T16:41:00.991664+00:00,2026-07-07T16:46:48.353992+00:00,ok,,1546.0,1487.0,59.0,0.038163001293661,10834.0,11467.0,11714.0,10358.0,4.53,,0.0614482406935237,125829120.0,0.0116522079915739,False,/Users/pavan-work/Desktop/projects/dissertation-chaos/gatling/target/gatling/ordersimulation-20260707164106444
bulkhead__partial_failure__11,bulkhead,partial_failure,11,2026-07-07T16:46:58.362763+00:00,2026-07-07T16:52:47.055611+00:00,ok,,1545.0,1470.0,75.0,0.0485436893203883,10851.0,11502.0,11954.0,10365.0,4.53,,0.0715586781160551,126877696.0,0.0600490420038113,False,/Users/pavan-work/Desktop/projects/dissertation-chaos/gatling/target/gatling/ordersimulation-20260707164703788
bulkhead__partial_failure__12,bulkhead,partial_failure,12,2026-07-07T16:52:57.071231+00:00,2026-07-07T16:58:57.569134+00:00,ok,,1555.0,1489.0,66.0,0.0424437299035369,10788.0,11456.0,11734.0,10303.0,4.56,,0.0785824345146379,125829120.0,0.0096792919939616,False,/Users/pavan-work/Desktop/projects/dissertation-chaos/gatling/target/gatling/ordersimulation-20260707165314926
bulkhead__partial_failure__13,bulkhead,partial_failure,13,2026-07-07T16:59:07.582634+00:00,2026-07-07T17:04:56.346545+00:00,ok,,1554.0,1485.0,69.0,0.0444015444015444,10795.0,11475.0,11720.0,10317.0,4.54,,0.0216406643180674,124930000.0,0.074952499999199,False,/Users/pavan-work/Desktop/projects/dissertation-chaos/gatling/target/gatling/ordersimulation-20260707165912758
bulkhead__partial_failure__14,bulkhead,partial_failure,14,2026-07-07T17:05:06.362608+00:00,2026-07-07T17:11:00.371566+00:00,ok,,1546.0,1484.0,62.0,0.0401034928848641,10836.0,11508.0,11889.0,10356.0,4.53,,0.0249678249678249,125829120.0,0.0096025840030051,False,/Users/pavan-work/Desktop/projects/dissertation-chaos/gatling/target/gatling/ordersimulation-20260707170518265
bulkhead__partial_failure__15,bulkhead,partial_failure,15,2026-07-07T17:11:10.384895+00:00,2026-07-07T17:16:58.656141+00:00,ok,,1558.0,1510.0,48.0,0.0308087291399229,10768.0,11419.0,11766.0,10284.0,4.56,,0.0399048625792811,126877696.0,0.0236992080026539,False,/Users/pavan-work/Desktop/projects/dissertation-chaos/gatling/target/gatling/ordersimulation-20260707171115591
bulkhead__partial_failure__16,bulkhead,partial_failure,16,2026-07-07T17:17:08.670491+00:00,2026-07-07T17:23:04.525105+00:00,ok,,1546.0,1483.0,63.0,0.0407503234152652,10814.0,11474.0,11705.0,10366.0,4.52,,0.039676522618145,126877696.0,0.0123961659992346,False,/Users/pavan-work/Desktop/projects/dissertation-chaos/gatling/target/gatling/ordersimulation-20260707171721568
bulkhead__partial_failure__17,bulkhead,partial_failure,17,2026-07-07T17:23:14.538471+00:00,2026-07-07T17:29:02.060637+00:00,ok,,1550.0,1475.0,75.0,0.0483870967741935,10814.0,11496.0,11735.0,10335.0,4.55,,0.0361859482303222,127926272.0,0.0230628329882165,False,/Users/pavan-work/Desktop/projects/dissertation-chaos/gatling/target/gatling/ordersimulation-20260707172319753
bulkhead__partial_failure__18,bulkhead,partial_failure,18,2026-07-07T17:29:12.073013+00:00,2026-07-07T17:35:14.674805+00:00,ok,,1548.0,1481.0,67.0,0.04328165374677,10812.0,11478.0,11715.0,10344.0,4.54,,0.0294416243654822,124780544.0,0.0070234999875538,False,/Users/pavan-work/Desktop/projects/dissertation-chaos/gatling/target/gatling/ordersimulation-20260707172931075
bulkhead__partial_failure__19,bulkhead,partial_failure,19,2026-07-07T17:35:24.688051+00:00,2026-07-07T17:41:11.704346+00:00,ok,,1539.0,1475.0,64.0,0.041585445094217,10904.0,11537.0,11769.0,10418.0,4.51,,0.0263291139240506,127926272.0,0.0173128750029718,False,/Users/pavan-work/Desktop/projects/dissertation-chaos/gatling/target/gatling/ordersimulation-20260707173529785
bulkhead__partial_failure__20,bulkhead,partial_failure,20,2026-07-07T17:41:21.713430+00:00,2026-07-07T17:47:18.463336+00:00,ok,,1549.0,1467.0,82.0,0.0529373789541639,10827.0,11504.0,11830.0,10343.0,4.54,,0.0519939424533064,124780544.0,0.0121507500007282,False,/Users/pavan-work/Desktop/projects/dissertation-chaos/gatling/target/gatling/ordersimulation-20260707174135561
bulkhead__cascading_failure__01,bulkhead,cascading_failure,1,2026-07-07T17:47:28.476939+00:00,2026-07-07T17:53:37.530651+00:00,ok,,814.0,774.0,40.0,0.0491400491400491,21231.0,22382.0,22823.0,20044.0,2.31,,0.0592692828146143,126877696.0,0.005866125007742,False,/Users/pavan-work/Desktop/projects/dissertation-chaos/gatling/target/gatling/ordersimulation-20260707174743999
bulkhead__cascading_failure__02,bulkhead,cascading_failure,2,2026-07-07T17:53:47.539399+00:00,2026-07-07T18:26:22.970666+00:00,ok,,807.0,757.0,50.0,0.0619578686493184,21192.0,24222.0,26129.0,20164.0,2.29,,0.3878923766816143,126877696.0,0.0309347919974243,False,/Users/pavan-work/Desktop/projects/dissertation-chaos/gatling/target/gatling/ordersimulation-20260707175407439
bulkhead__cascading_failure__03,bulkhead,cascading_failure,3,2026-07-07T18:26:32.985448+00:00,2026-07-07T18:32:51.162602+00:00,ok,,811.0,771.0,40.0,0.0493218249075215,21323.0,22409.0,22887.0,20091.0,2.31,,0.0382377389858686,125829120.0,0.0078182500001275,False,/Users/pavan-work/Desktop/projects/dissertation-chaos/gatling/target/gatling/ordersimulation-20260707182658222
bulkhead__cascading_failure__04,bulkhead,cascading_failure,4,2026-07-07T18:33:01.170441+00:00,2026-07-07T18:39:08.248267+00:00,ok,,809.0,774.0,35.0,0.0432632880098887,21299.0,22486.0,22833.0,20115.0,2.3,0.1666666666666666,0.0911287538833275,124780544.0,0.0054055829969001,False,/Users/pavan-work/Desktop/projects/dissertation-chaos/gatling/target/gatling/ordersimulation-20260707183316330
bulkhead__cascading_failure__05,bulkhead,cascading_failure,5,2026-07-07T18:39:18.256104+00:00,2026-07-07T18:45:34.573990+00:00,ok,,809.0,786.0,23.0,0.0284301606922126,21332.0,22374.0,22794.0,20141.0,2.3,,0.0678706670550538,126877696.0,0.0591307919967221,False,/Users/pavan-work/Desktop/projects/dissertation-chaos/gatling/target/gatling/ordersimulation-20260707183940111
bulkhead__cascading_failure__06,bulkhead,cascading_failure,6,2026-07-07T18:45:44.595693+00:00,2026-07-07T18:51:56.896279+00:00,ok,,807.0,797.0,10.0,0.0123915737298636,21386.0,22431.0,22916.0,20197.0,2.29,,0.0293333333333333,126877696.0,0.0153099589952034,False,/Users/pavan-work/Desktop/projects/dissertation-chaos/gatling/target/gatling/ordersimulation-20260707184603816
bulkhead__cascading_failure__07,bulkhead,cascading_failure,7,2026-07-07T18:52:06.905157+00:00,2026-07-07T18:58:18.789534+00:00,ok,,812.0,780.0,32.0,0.0394088669950738,21339.0,22563.0,23085.0,20078.0,2.31,,0.0319284802043422,125829120.0,0.0164934170024935,False,/Users/pavan-work/Desktop/projects/dissertation-chaos/gatling/target/gatling/ordersimulation-20260707185224589
bulkhead__cascading_failure__08,bulkhead,cascading_failure,8,2026-07-07T18:58:28.800438+00:00,2026-07-07T19:04:43.585965+00:00,ok,,805.0,793.0,12.0,0.0149068322981366,21473.0,22455.0,22868.0,20256.0,2.28,,0.0322836729293463,126877696.0,0.0060347919934429,False,/Users/pavan-work/Desktop/projects/dissertation-chaos/gatling/target/gatling/ordersimulation-20260707185850023
bulkhead__cascading_failure__09,bulkhead,cascading_failure,9,2026-07-07T19:04:53.593231+00:00,2026-07-07T19:11:12.042893+00:00,ok,,811.0,790.0,21.0,0.0258939580764488,21369.0,22571.0,22905.0,20109.0,2.3,,0.0314782170737849,126877696.0,0.0122644579969346,False,/Users/pavan-work/Desktop/projects/dissertation-chaos/gatling/target/gatling/ordersimulation-20260707190518220
bulkhead__cascading_failure__10,bulkhead,cascading_failure,10,2026-07-07T19:11:22.051092+00:00,2026-07-07T19:17:31.275518+00:00,ok,,804.0,790.0,14.0,0.017412935323383,21388.0,22391.0,22762.0,20215.0,2.28,,0.0394953373560065,126877696.0,0.022150207994855,False,/Users/pavan-work/Desktop/projects/dissertation-chaos/gatling/target/gatling/ordersimulation-20260707191138065
bulkhead__cascading_failure__11,bulkhead,cascading_failure,11,2026-07-07T19:17:41.285782+00:00,2026-07-07T19:23:55.714120+00:00,ok,,807.0,788.0,19.0,0.023543990086741,21369.0,22345.0,22763.0,20177.0,2.29,,0.0405337361530715,125829120.0,0.0086454579868586,False,/Users/pavan-work/Desktop/projects/dissertation-chaos/gatling/target/gatling/ordersimulation-20260707191802358
bulkhead__cascading_failure__12,bulkhead,cascading_failure,12,2026-07-07T19:24:05.726730+00:00,2026-07-07T19:30:13.966528+00:00,ok,,812.0,787.0,25.0,0.0307881773399014,21206.0,22366.0,22769.0,20046.0,2.31,,0.0242301867743563,126877696.0,0.0280432919971644,False,/Users/pavan-work/Desktop/projects/dissertation-chaos/gatling/target/gatling/ordersimulation-20260707192420893
bulkhead__cascading_failure__13,bulkhead,cascading_failure,13,2026-07-07T19:30:23.977287+00:00,2026-07-07T19:36:32.753604+00:00,ok,,807.0,792.0,15.0,0.0185873605947955,21460.0,22452.0,22866.0,20201.0,2.29,,0.0175215845606907,126877696.0,0.0532636669959174,False,/Users/pavan-work/Desktop/projects/dissertation-chaos/gatling/target/gatling/ordersimulation-20260707193039690
bulkhead__cascading_failure__14,bulkhead,cascading_failure,14,2026-07-07T19:36:42.776243+00:00,2026-07-07T19:42:57.638974+00:00,ok,,806.0,793.0,13.0,0.0161290322580645,21472.0,22465.0,22868.0,20221.0,2.29,,0.03577772139051,126877696.0,0.0122367919975658,False,/Users/pavan-work/Desktop/projects/dissertation-chaos/gatling/target/gatling/ordersimulation-20260707193704121
bulkhead__cascading_failure__15,bulkhead,cascading_failure,15,2026-07-07T19:43:07.651811+00:00,2026-07-07T19:49:17.289778+00:00,ok,,811.0,789.0,22.0,0.0271270036991368,21395.0,22398.0,22770.0,20100.0,2.3,,0.0691502934422046,124780544.0,0.0110123750055208,False,/Users/pavan-work/Desktop/projects/dissertation-chaos/gatling/target/gatling/ordersimulation-20260707194323794
bulkhead__cascading_failure__16,bulkhead,cascading_failure,16,2026-07-07T19:49:27.299934+00:00,2026-07-07T19:55:37.949406+00:00,ok,,813.0,793.0,20.0,0.02460024600246,21246.0,22332.0,22666.0,20053.0,2.31,,0.0241182572614107,125829120.0,0.004300417000195,False,/Users/pavan-work/Desktop/projects/dissertation-chaos/gatling/target/gatling/ordersimulation-20260707194945224
bulkhead__cascading_failure__17,bulkhead,cascading_failure,17,2026-07-07T19:55:47.958287+00:00,2026-07-07T20:02:02.990043+00:00,ok,,812.0,795.0,17.0,0.020935960591133,21278.0,22368.0,22782.0,20066.0,2.3,,0.0236024844720496,125829120.0,0.0057219589943997,False,/Users/pavan-work/Desktop/projects/dissertation-chaos/gatling/target/gatling/ordersimulation-20260707195608922
bulkhead__cascading_failure__18,bulkhead,cascading_failure,18,2026-07-07T20:02:12.994104+00:00,2026-07-07T20:08:19.356048+00:00,ok,,812.0,789.0,23.0,0.0283251231527093,21267.0,22352.0,22760.0,20061.0,2.31,,0.0213089802130898,126877696.0,0.0065157499921042,False,/Users/pavan-work/Desktop/projects/dissertation-chaos/gatling/target/gatling/ordersimulation-20260707200226920
bulkhead__cascading_failure__19,bulkhead,cascading_failure,19,2026-07-07T20:08:29.363992+00:00,2026-07-07T20:14:36.524248+00:00,ok,,811.0,790.0,21.0,0.0258939580764488,21259.0,22477.0,22963.0,20054.0,2.3,,0.018830525272547,126877696.0,0.0160464159998809,False,/Users/pavan-work/Desktop/projects/dissertation-chaos/gatling/target/gatling/ordersimulation-20260707200843730
bulkhead__cascading_failure__20,bulkhead,cascading_failure,20,2026-07-07T20:14:46.533038+00:00,2026-07-07T20:20:59.500971+00:00,ok,,810.0,794.0,16.0,0.019753086419753,21424.0,22409.0,22762.0,20134.0,2.29,,0.0227387569479535,126877696.0,0.0047098329960135,False,/Users/pavan-work/Desktop/projects/dissertation-chaos/gatling/target/gatling/ordersimulation-20260707201505646
retry__service_termination__01,retry,service_termination,1,2026-07-07T23:49:35.073692+00:00,2026-07-07T23:56:09.677691+00:00,ok,,469.0,0.0,469.0,1.0,30306.0,46310.0,46849.0,35625.0,1.25,,0.25,154140672.0,0.0147164160152897,False,/Users/pavan-work/Desktop/projects/dissertation-chaos/gatling/target/gatling/ordersimulation-20260707234953751
retry__service_termination__02,retry,service_termination,2,2026-07-07T23:56:19.689662+00:00,2026-07-08T00:02:49.843457+00:00,ok,,465.0,0.0,465.0,1.0,30189.0,46435.0,46610.0,35895.0,1.25,,0.0491200420278434,167772160.0,0.0075820409983862,False,/Users/pavan-work/Desktop/projects/dissertation-chaos/gatling/target/gatling/ordersimulation-20260707235635374
retry__service_termination__03,retry,service_termination,3,2026-07-08T00:02:59.851818+00:00,2026-07-08T00:09:22.933174+00:00,ok,,467.0,0.0,467.0,1.0,30144.0,46332.0,46705.0,35823.0,1.24,,0.1048201989288446,182452224.0,0.0275021659908816,False,/Users/pavan-work/Desktop/projects/dissertation-chaos/gatling/target/gatling/ordersimulation-20260708000305503
retry__service_termination__04,retry,service_termination,4,2026-07-08T00:09:32.944346+00:00,2026-07-08T00:16:02.439278+00:00,ok,,466.0,0.0,466.0,1.0,30107.0,46338.0,46552.0,35919.0,1.24,,0.0294858870967741,192937984.0,0.0067801669938489,False,/Users/pavan-work/Desktop/projects/dissertation-chaos/gatling/target/gatling/ordersimulation-20260708000944650
retry__service_termination__05,retry,service_termination,5,2026-07-08T00:16:12.447540+00:00,2026-07-08T00:22:38.420406+00:00,ok,,474.0,0.0,474.0,1.0,30081.0,46399.0,46588.0,35341.0,1.26,,0.0679245283018867,201326592.0,0.0086644169932696,False,/Users/pavan-work/Desktop/projects/dissertation-chaos/gatling/target/gatling/ordersimulation-20260708001621268
retry__service_termination__06,retry,service_termination,6,2026-07-08T00:22:48.427274+00:00,2026-07-08T00:29:09.601163+00:00,ok,,466.0,0.0,466.0,1.0,30139.0,46448.0,46604.0,36013.0,1.24,,0.0551423441908181,200278016.0,0.0049643749953247,False,/Users/pavan-work/Desktop/projects/dissertation-chaos/gatling/target/gatling/ordersimulation-20260708002252119
retry__service_termination__07,retry,service_termination,7,2026-07-08T00:29:19.606484+00:00,2026-07-08T00:35:41.297858+00:00,ok,,472.0,0.0,472.0,1.0,30094.0,46302.0,46560.0,35364.0,1.26,,0.0590219224283305,206569472.0,0.0171956249978393,False,/Users/pavan-work/Desktop/projects/dissertation-chaos/gatling/target/gatling/ordersimulation-20260708002924109
retry__service_termination__08,retry,service_termination,8,2026-07-08T00:35:51.315116+00:00,2026-07-08T00:42:16.778351+00:00,ok,,467.0,0.0,467.0,1.0,30076.0,46301.0,46518.0,35750.0,1.25,,0.0384307445956765,207618048.0,0.0099108330032322,False,/Users/pavan-work/Desktop/projects/dissertation-chaos/gatling/target/gatling/ordersimulation-20260708003601664
retry__service_termination__09,retry,service_termination,9,2026-07-08T00:42:26.787013+00:00,2026-07-08T00:48:55.606603+00:00,ok,,471.0,0.0,471.0,1.0,30108.0,46111.0,46497.0,35454.0,1.25,,0.0456264179480715,205520896.0,0.0125615409924648,False,/Users/pavan-work/Desktop/projects/dissertation-chaos/gatling/target/gatling/ordersimulation-20260708004238520
retry__service_termination__10,retry,service_termination,10,2026-07-08T00:49:05.614468+00:00,2026-07-08T00:55:28.082501+00:00,ok,,474.0,0.0,474.0,1.0,30092.0,46112.0,46614.0,35073.0,1.26,,0.0507485409794468,210763776.0,0.0499385840084869,False,/Users/pavan-work/Desktop/projects/dissertation-chaos/gatling/target/gatling/ordersimulation-20260708004910788
retry__service_termination__11,retry,service_termination,11,2026-07-08T00:55:38.093150+00:00,2026-07-08T01:02:10.897447+00:00,ok,,465.0,0.0,465.0,1.0,30091.0,46331.0,46474.0,35853.0,1.24,,0.0415133998949027,210763776.0,0.0133903750102035,False,/Users/pavan-work/Desktop/projects/dissertation-chaos/gatling/target/gatling/ordersimulation-20260708005554098
retry__service_termination__12,retry,service_termination,12,2026-07-08T01:02:20.906102+00:00,2026-07-08T01:22:46.717960+00:00,ok,,469.0,0.0,469.0,1.0,30132.0,46300.0,46634.0,35644.0,1.26,,0.1519556025369978,209715192.0,6.018785332998959,True,/Users/pavan-work/Desktop/projects/dissertation-chaos/gatling/target/gatling/ordersimulation-20260708010226413
retry__service_termination__13,retry,service_termination,13,2026-07-08T01:22:56.731009+00:00,2026-07-08T03:09:16.597908+00:00,ok,,468.0,0.0,468.0,1.0,31197.0,45915.0,46557.0,35211.0,1.26,,0.1528150134048257,211812352.0,0.0452802089857868,False,/Users/pavan-work/Desktop/projects/dissertation-chaos/gatling/target/gatling/ordersimulation-20260708012311527
retry__service_termination__14,retry,service_termination,14,2026-07-08T03:23:12.640863+00:00,2026-07-08T05:08:15.663466+00:00,ok,,469.0,0.0,469.0,1.0,33871.0,46092.0,46521.0,35637.0,1.26,,0.0363915940543311,212860928.0,16.699678124976344,True,/Users/pavan-work/Desktop/projects/dissertation-chaos/gatling/target/gatling/ordersimulation-20260708032322657
retry__service_termination__15,retry,service_termination,15,2026-07-08T05:08:25.671564+00:00,2026-07-08T06:55:41.012933+00:00,ok,,465.0,0.0,465.0,1.0,34916.0,46108.0,46489.0,35683.0,1.24,,0.0844603215105894,210763776.0,15.757490999996662,True,/Users/pavan-work/Desktop/projects/dissertation-chaos/gatling/target/gatling/ordersimulation-20260708051041576
retry__service_termination__16,retry,service_termination,16,2026-07-08T06:55:51.025225+00:00,2026-07-08T08:28:51.354655+00:00,ok,,474.0,0.0,474.0,1.0,32729.0,46117.0,46539.0,35055.0,1.27,,0.0673125956144824,212860928.0,0.0070612079871352,False,/Users/pavan-work/Desktop/projects/dissertation-chaos/gatling/target/gatling/ordersimulation-20260708065600004
retry__service_termination__17,retry,service_termination,17,2026-07-08T08:37:42.444992+00:00,2026-07-08T10:15:44.945434+00:00,ok,,476.0,0.0,476.0,1.0,31540.0,46240.0,46491.0,35122.0,1.28,,0.0310998020921685,212860928.0,0.0599720409954898,False,/Users/pavan-work/Desktop/projects/dissertation-chaos/gatling/target/gatling/ordersimulation-20260708083747105
retry__service_termination__18,retry,service_termination,18,2026-07-08T10:15:54.959478+00:00,2026-07-08T11:39:44.253351+00:00,ok,,468.0,0.0,468.0,1.0,32981.0,45891.0,46464.0,35263.0,1.25,,0.0475013728720483,212860928.0,0.0073060410213656,False,/Users/pavan-work/Desktop/projects/dissertation-chaos/gatling/target/gatling/ordersimulation-20260708101608560
retry__service_termination__19,retry,service_termination,19,2026-07-08T11:39:54.261259+00:00,2026-07-08T11:46:17.176395+00:00,ok,,462.0,0.0,462.0,1.0,30094.0,46435.0,46591.0,36086.0,1.23,,0.0333500501504513,213909504.0,0.0239890830125659,False,/Users/pavan-work/Desktop/projects/dissertation-chaos/gatling/target/gatling/ordersimulation-20260708114002586
retry__service_termination__20,retry,service_termination,20,2026-07-08T11:46:27.185058+00:00,2026-07-08T11:52:48.323866+00:00,ok,,471.0,0.0,471.0,1.0,30072.0,46101.0,46478.0,35455.0,1.25,,0.0353121801432958,214958080.0,0.0115052920009475,False,/Users/pavan-work/Desktop/projects/dissertation-chaos/gatling/target/gatling/ordersimulation-20260708114631516
retry__latency_injection__01,retry,latency_injection,1,2026-07-08T11:52:58.334283+00:00,2026-07-08T11:59:02.004389+00:00,ok,,783.0,783.0,0.0,0.0,21878.0,23065.0,24614.0,20809.0,2.22,,0.0590455648422755,214958080.0,0.0047562499821651,False,/Users/pavan-work/Desktop/projects/dissertation-chaos/gatling/target/gatling/ordersimulation-20260708115309246
retry__latency_injection__02,retry,latency_injection,2,2026-07-08T11:59:12.006357+00:00,2026-07-08T12:05:10.951563+00:00,ok,,784.0,783.0,1.0,0.0012755102040816,21896.0,23454.0,25170.0,20773.0,2.21,,0.0244030438205195,214958080.0,0.00631258400972,False,/Users/pavan-work/Desktop/projects/dissertation-chaos/gatling/target/gatling/ordersimulation-20260708115915607
retry__latency_injection__03,retry,latency_injection,3,2026-07-08T12:05:20.959551+00:00,2026-07-08T12:11:18.125981+00:00,ok,,792.0,792.0,0.0,0.0,21766.0,23315.0,25124.0,20648.0,2.24,,0.048171500630517,211812352.0,0.0092757499951403,False,/Users/pavan-work/Desktop/projects/dissertation-chaos/gatling/target/gatling/ordersimulation-20260708120525193
retry__latency_injection__04,retry,latency_injection,4,2026-07-08T12:11:28.132969+00:00,2026-07-08T12:17:29.852997+00:00,ok,,787.0,787.0,0.0,0.0,21822.0,23321.0,24785.0,20734.0,2.23,,0.0256539235412474,213909504.0,0.0274940419767517,False,/Users/pavan-work/Desktop/projects/dissertation-chaos/gatling/target/gatling/ordersimulation-20260708121132123
retry__latency_injection__05,retry,latency_injection,5,2026-07-08T12:17:39.861652+00:00,2026-07-08T12:23:40.805738+00:00,ok,,789.0,788.0,1.0,0.0012674271229404,21783.0,23442.0,24968.0,20654.0,2.24,,0.0260495700556398,211812352.0,0.0315882090071681,False,/Users/pavan-work/Desktop/projects/dissertation-chaos/gatling/target/gatling/ordersimulation-20260708121747730
retry__latency_injection__06,retry,latency_injection,6,2026-07-08T12:23:50.813468+00:00,2026-07-08T12:29:51.663628+00:00,ok,,788.0,787.0,1.0,0.0012690355329949,21777.0,23417.0,25695.0,20689.0,2.24,,0.0202891199594217,216006656.0,0.010409458016511,False,/Users/pavan-work/Desktop/projects/dissertation-chaos/gatling/target/gatling/ordersimulation-20260708122358666
retry__latency_injection__07,retry,latency_injection,7,2026-07-08T12:30:01.676070+00:00,2026-07-08T12:35:57.225630+00:00,ok,,784.0,783.0,1.0,0.0012755102040816,21783.0,23463.0,25340.0,20758.0,2.23,,0.0622992935131663,214958080.0,0.0049842500011436,False,/Users/pavan-work/Desktop/projects/dissertation-chaos/gatling/target/gatling/ordersimulation-20260708123005507
retry__latency_injection__08,retry,latency_injection,8,2026-07-08T12:36:07.232885+00:00,2026-07-08T12:42:06.870733+00:00,ok,,783.0,783.0,0.0,0.0,21907.0,24248.0,25610.0,20875.0,2.21,,0.0252735799895779,214958080.0,0.0300064590119291,False,/Users/pavan-work/Desktop/projects/dissertation-chaos/gatling/target/gatling/ordersimulation-20260708123611308
retry__latency_injection__09,retry,latency_injection,9,2026-07-08T12:42:16.881814+00:00,2026-07-08T12:48:17.393475+00:00,ok,,792.0,791.0,1.0,0.0012626262626262,21732.0,22845.0,24593.0,20554.0,2.25,,0.0173497611264772,214958080.0,0.0044598749955184,False,/Users/pavan-work/Desktop/projects/dissertation-chaos/gatling/target/gatling/ordersimulation-20260708124225043
retry__latency_injection__10,retry,latency_injection,10,2026-07-08T12:48:27.401415+00:00,2026-07-08T12:54:24.405114+00:00,ok,,794.0,794.0,0.0,0.0,21604.0,23390.0,24365.0,20526.0,2.26,,0.0230460921843687,214958080.0,0.0212418330193031,False,/Users/pavan-work/Desktop/projects/dissertation-chaos/gatling/target/gatling/ordersimulation-20260708124831025
retry__latency_injection__11,retry,latency_injection,11,2026-07-08T12:54:34.419902+00:00,2026-07-08T13:00:32.535527+00:00,ok,,788.0,788.0,0.0,0.0,21734.0,23816.0,25305.0,20715.0,2.23,,0.0234729934376577,213909504.0,0.0266393750207498,False,/Users/pavan-work/Desktop/projects/dissertation-chaos/gatling/target/gatling/ordersimulation-20260708125438445
retry__latency_injection__12,retry,latency_injection,12,2026-07-08T13:00:42.547449+00:00,2026-07-08T13:06:43.177983+00:00,ok,,790.0,790.0,0.0,0.0,21694.0,23124.0,24458.0,20632.0,2.24,,0.0154469485945809,213909504.0,0.0089961249905172,False,/Users/pavan-work/Desktop/projects/dissertation-chaos/gatling/target/gatling/ordersimulation-20260708130050602
retry__latency_injection__13,retry,latency_injection,13,2026-07-08T13:06:53.183355+00:00,2026-07-08T13:12:52.132739+00:00,ok,,791.0,790.0,1.0,0.0012642225031605,21758.0,23843.0,26035.0,20694.0,2.23,,0.028657616892911,217055232.0,0.0203776670095976,False,/Users/pavan-work/Desktop/projects/dissertation-chaos/gatling/target/gatling/ordersimulation-20260708130656933
retry__latency_injection__14,retry,latency_injection,14,2026-07-08T13:13:02.143886+00:00,2026-07-08T13:18:57.994581+00:00,ok,,795.0,795.0,0.0,0.0,21614.0,22886.0,24039.0,20490.0,2.26,,0.0183003258962145,214958080.0,0.0135748339816927,False,/Users/pavan-work/Desktop/projects/dissertation-chaos/gatling/target/gatling/ordersimulation-20260708131305813
retry__latency_injection__15,retry,latency_injection,15,2026-07-08T13:19:08.001446+00:00,2026-07-08T13:25:08.905233+00:00,ok,,788.0,788.0,0.0,0.0,21820.0,23264.0,24637.0,20665.0,2.23,,0.0173541247484909,216006656.0,0.004394499992486,False,/Users/pavan-work/Desktop/projects/dissertation-chaos/gatling/target/gatling/ordersimulation-20260708131915490
retry__latency_injection__16,retry,latency_injection,16,2026-07-08T13:25:18.917383+00:00,2026-07-08T13:31:19.173576+00:00,ok,,792.0,792.0,0.0,0.0,21674.0,23113.0,25213.0,20582.0,2.25,,0.016075529471804,214958080.0,0.0070244170201476,False,/Users/pavan-work/Desktop/projects/dissertation-chaos/gatling/target/gatling/ordersimulation-20260708132526254
retry__latency_injection__17,retry,latency_injection,17,2026-07-08T13:31:29.186781+00:00,2026-07-08T13:37:26.740136+00:00,ok,,795.0,795.0,0.0,0.0,21661.0,23103.0,24299.0,20495.0,2.25,,0.0155583437892095,217055232.0,0.0066842079977504,False,/Users/pavan-work/Desktop/projects/dissertation-chaos/gatling/target/gatling/ordersimulation-20260708133133655
retry__latency_injection__18,retry,latency_injection,18,2026-07-08T13:37:36.745160+00:00,2026-07-08T13:43:32.890363+00:00,ok,,794.0,794.0,0.0,0.0,21585.0,23032.0,24417.0,20504.0,2.26,,0.0164863472436888,216006656.0,0.0340550410037394,False,/Users/pavan-work/Desktop/projects/dissertation-chaos/gatling/target/gatling/ordersimulation-20260708133741073
retry__latency_injection__19,retry,latency_injection,19,2026-07-08T13:43:42.897218+00:00,2026-07-08T13:49:43.776273+00:00,ok,,788.0,788.0,0.0,0.0,21781.0,23098.0,24020.0,20657.0,2.25,,0.0134279199391943,214958080.0,0.0048386249982286,False,/Users/pavan-work/Desktop/projects/dissertation-chaos/gatling/target/gatling/ordersimulation-20260708134352166
retry__latency_injection__20,retry,latency_injection,20,2026-07-08T13:49:53.782160+00:00,2026-07-08T13:55:50.235786+00:00,ok,,795.0,794.0,1.0,0.0012578616352201,21609.0,22860.0,24062.0,20484.0,2.26,,0.0351847197788389,217055232.0,0.0128952910017687,False,/Users/pavan-work/Desktop/projects/dissertation-chaos/gatling/target/gatling/ordersimulation-20260708134957480
retry__partial_failure__01,retry,partial_failure,1,2026-07-08T13:56:00.243657+00:00,2026-07-08T14:01:46.886358+00:00,ok,,1497.0,1497.0,0.0,0.0,11093.0,12385.0,14479.0,10710.0,4.38,,0.0376303076531909,217055232.0,0.0296617500134743,False,/Users/pavan-work/Desktop/projects/dissertation-chaos/gatling/target/gatling/ordersimulation-20260708135604064
retry__partial_failure__02,retry,partial_failure,2,2026-07-08T14:01:56.897257+00:00,2026-07-08T14:07:47.814645+00:00,ok,,1509.0,1509.0,0.0,0.0,11013.0,12047.0,14004.0,10623.0,4.41,,0.0253323300727363,212860928.0,0.0338166250148788,False,/Users/pavan-work/Desktop/projects/dissertation-chaos/gatling/target/gatling/ordersimulation-20260708140205004
retry__partial_failure__03,retry,partial_failure,3,2026-07-08T14:07:57.827289+00:00,2026-07-08T14:13:48.318124+00:00,ok,,1474.0,1474.0,0.0,0.0,11127.0,13105.0,15192.0,10882.0,4.31,,0.0270612038442083,217055232.0,0.0067813750065397,False,/Users/pavan-work/Desktop/projects/dissertation-chaos/gatling/target/gatling/ordersimulation-20260708140805840
retry__partial_failure__04,retry,partial_failure,4,2026-07-08T14:13:58.327297+00:00,2026-07-08T14:19:46.451626+00:00,ok,,1506.0,1506.0,0.0,0.0,11086.0,12405.0,14126.0,10666.0,4.39,,0.0414394765539803,213909504.0,0.0160276249807793,False,/Users/pavan-work/Desktop/projects/dissertation-chaos/gatling/target/gatling/ordersimulation-20260708141402359
retry__partial_failure__05,retry,partial_failure,5,2026-07-08T14:19:56.461150+00:00,2026-07-08T14:25:47.458851+00:00,ok,,1487.0,1487.0,0.0,0.0,11109.0,12358.0,14333.0,10776.0,4.35,,0.0538702928870292,216006656.0,0.0067926659830845,False,/Users/pavan-work/Desktop/projects/dissertation-chaos/gatling/target/gatling/ordersimulation-20260708142003959
retry__partial_failure__06,retry,partial_failure,6,2026-07-08T14:25:57.467810+00:00,2026-07-08T14:31:46.803518+00:00,ok,,1489.0,1489.0,0.0,0.0,11147.0,12554.0,14453.0,10776.0,4.33,,0.0338685398896136,214958080.0,0.0141902500181458,False,/Users/pavan-work/Desktop/projects/dissertation-chaos/gatling/target/gatling/ordersimulation-20260708142601626
retry__partial_failure__07,retry,partial_failure,7,2026-07-08T14:31:56.813667+00:00,2026-07-08T14:37:48.013696+00:00,ok,,1493.0,1493.0,0.0,0.0,11119.0,12647.0,14718.0,10745.0,4.34,,0.0149140546006066,217055232.0,0.0153214580204803,False,/Users/pavan-work/Desktop/projects/dissertation-chaos/gatling/target/gatling/ordersimulation-20260708143203655
retry__partial_failure__08,retry,partial_failure,8,2026-07-08T14:37:58.029360+00:00,2026-07-08T14:43:50.294081+00:00,ok,,1467.0,1467.0,0.0,0.0,11168.0,13184.0,15144.0,10917.0,4.3,,0.0352201257861635,217055232.0,0.0063728329841978,False,/Users/pavan-work/Desktop/projects/dissertation-chaos/gatling/target/gatling/ordersimulation-20260708143807995
retry__partial_failure__09,retry,partial_failure,9,2026-07-08T14:44:00.301866+00:00,2026-07-08T14:49:50.884364+00:00,ok,,1480.0,1480.0,0.0,0.0,11203.0,12828.0,14905.0,10857.0,4.28,,0.0334759627485527,212860928.0,0.0113609579857438,False,/Users/pavan-work/Desktop/projects/dissertation-chaos/gatling/target/gatling/ordersimulation-20260708144404293
retry__partial_failure__10,retry,partial_failure,10,2026-07-08T14:50:00.905964+00:00,2026-07-08T14:56:02.529402+00:00,ok,,1477.0,1477.0,0.0,0.0,11203.0,12199.0,14216.0,10857.0,4.32,,0.0421940928270042,212860928.0,0.0068376660055946,False,/Users/pavan-work/Desktop/projects/dissertation-chaos/gatling/target/gatling/ordersimulation-20260708145018204
retry__partial_failure__11,retry,partial_failure,11,2026-07-08T14:56:12.537365+00:00,2026-07-08T15:02:01.167777+00:00,ok,,1492.0,1492.0,0.0,0.0,11150.0,12662.0,14362.0,10751.0,4.36,,0.0423493824048399,216006656.0,0.0264934169827029,False,/Users/pavan-work/Desktop/projects/dissertation-chaos/gatling/target/gatling/ordersimulation-20260708145617872
retry__partial_failure__12,retry,partial_failure,12,2026-07-08T15:02:11.173302+00:00,2026-07-08T15:08:08.409449+00:00,ok,,1455.0,1455.0,0.0,0.0,11257.0,13363.0,15060.0,11021.0,4.23,,0.0369181380417335,216006656.0,0.0286259579879697,False,/Users/pavan-work/Desktop/projects/dissertation-chaos/gatling/target/gatling/ordersimulation-20260708150222733
retry__partial_failure__13,retry,partial_failure,13,2026-07-08T15:08:18.420663+00:00,2026-07-08T15:14:07.968623+00:00,ok,,1467.0,1467.0,0.0,0.0,11279.0,13123.0,14971.0,10922.0,4.3,,0.0370090634441087,216006656.0,0.0138904160121455,False,/Users/pavan-work/Desktop/projects/dissertation-chaos/gatling/target/gatling/ordersimulation-20260708150825740
retry__partial_failure__14,retry,partial_failure,14,2026-07-08T15:14:17.977867+00:00,2026-07-08T15:20:06.293475+00:00,ok,,1469.0,1469.0,0.0,0.0,11261.0,13028.0,15229.0,10911.0,4.31,,0.0358432898027229,216006656.0,0.0409508330048993,False,/Users/pavan-work/Desktop/projects/dissertation-chaos/gatling/target/gatling/ordersimulation-20260708151423530
retry__partial_failure__15,retry,partial_failure,15,2026-07-08T15:20:16.306653+00:00,2026-07-08T15:26:12.456511+00:00,ok,,1469.0,1469.0,0.0,0.0,11239.0,13011.0,14850.0,10919.0,4.3,,0.0611620795107033,213909504.0,0.0436412499984726,False,/Users/pavan-work/Desktop/projects/dissertation-chaos/gatling/target/gatling/ordersimulation-20260708152028920
retry__partial_failure__16,retry,partial_failure,16,2026-07-08T15:26:22.467876+00:00,2026-07-08T15:32:19.113124+00:00,ok,,1483.0,1483.0,0.0,0.0,11146.0,12584.0,14722.0,10803.0,4.34,,0.0333678220382824,210763776.0,0.0104562090127728,False,/Users/pavan-work/Desktop/projects/dissertation-chaos/gatling/target/gatling/ordersimulation-20260708152635655
retry__partial_failure__17,retry,partial_failure,17,2026-07-08T15:32:29.120767+00:00,2026-07-08T15:38:23.856874+00:00,ok,,1484.0,1484.0,0.0,0.0,11150.0,12791.0,15165.0,10830.0,4.3,,0.0345549738219895,214958080.0,0.0196802080026827,False,/Users/pavan-work/Desktop/projects/dissertation-chaos/gatling/target/gatling/ordersimulation-20260708153237248
retry__partial_failure__18,retry,partial_failure,18,2026-07-08T15:38:33.867700+00:00,2026-07-08T15:44:32.451288+00:00,ok,,1475.0,1475.0,0.0,0.0,11189.0,12964.0,14823.0,10865.0,4.31,,0.0280031405391258,211812352.0,0.0106125409947708,False,/Users/pavan-work/Desktop/projects/dissertation-chaos/gatling/target/gatling/ordersimulation-20260708153849318
retry__partial_failure__19,retry,partial_failure,19,2026-07-08T15:44:42.460003+00:00,2026-07-08T15:50:32.604595+00:00,ok,,1483.0,1483.0,0.0,0.0,11185.0,12930.0,14748.0,10835.0,4.32,,0.0515700791422006,214958080.0,0.0212592919997405,False,/Users/pavan-work/Desktop/projects/dissertation-chaos/gatling/target/gatling/ordersimulation-20260708154447845
retry__partial_failure__20,retry,partial_failure,20,2026-07-08T15:50:42.614204+00:00,2026-07-08T15:56:44.279824+00:00,ok,,1450.0,1450.0,0.0,0.0,11381.0,13495.0,15432.0,11061.0,4.24,,0.0435110663983903,216006656.0,0.0158157080004457,False,/Users/pavan-work/Desktop/projects/dissertation-chaos/gatling/target/gatling/ordersimulation-20260708155059607
retry__cascading_failure__01,retry,cascading_failure,1,2026-07-08T15:56:54.290545+00:00,2026-07-08T16:03:02.001807+00:00,ok,,789.0,789.0,0.0,0.0,21846.0,23376.0,24952.0,20687.0,2.24,,0.0216597077244258,214958080.0,0.0239571249985601,False,/Users/pavan-work/Desktop/projects/dissertation-chaos/gatling/target/gatling/ordersimulation-20260708155708644
retry__cascading_failure__02,retry,cascading_failure,2,2026-07-08T16:03:12.009636+00:00,2026-07-08T16:09:23.486848+00:00,ok,,798.0,796.0,2.0,0.0025062656641604,21638.0,23037.0,24924.0,20480.0,2.27,,0.0206451612903225,214958080.0,0.0078671249793842,False,/Users/pavan-work/Desktop/projects/dissertation-chaos/gatling/target/gatling/ordersimulation-20260708160330170
retry__cascading_failure__03,retry,cascading_failure,3,2026-07-08T16:09:33.495151+00:00,2026-07-08T16:15:46.286581+00:00,ok,,788.0,787.0,1.0,0.0012690355329949,21718.0,24400.0,26505.0,20770.0,2.22,,0.0617283950617283,216006656.0,0.0370448750036302,False,/Users/pavan-work/Desktop/projects/dissertation-chaos/gatling/target/gatling/ordersimulation-20260708160949904
retry__cascading_failure__04,retry,cascading_failure,4,2026-07-08T16:15:56.301219+00:00,2026-07-08T16:22:15.413687+00:00,ok,,786.0,786.0,0.0,0.0,21884.0,23333.0,25249.0,20760.0,2.23,,0.0268987341772151,213909504.0,0.0308114580111578,False,/Users/pavan-work/Desktop/projects/dissertation-chaos/gatling/target/gatling/ordersimulation-20260708161620669
retry__cascading_failure__05,retry,cascading_failure,5,2026-07-08T16:22:25.427410+00:00,2026-07-08T16:28:35.809000+00:00,ok,,796.0,796.0,0.0,0.0,21647.0,22735.0,23978.0,20479.0,2.26,,0.0201409869083585,214958080.0,0.0078128339955583,False,/Users/pavan-work/Desktop/projects/dissertation-chaos/gatling/target/gatling/ordersimulation-20260708162243027
retry__cascading_failure__06,retry,cascading_failure,6,2026-07-08T16:28:45.816817+00:00,2026-07-08T16:34:56.239954+00:00,ok,,785.0,785.0,0.0,0.0,21830.0,23741.0,25416.0,20773.0,2.23,,0.0230120173868575,214958080.0,0.0163001249893568,False,/Users/pavan-work/Desktop/projects/dissertation-chaos/gatling/target/gatling/ordersimulation-20260708162901428
retry__cascading_failure__07,retry,cascading_failure,7,2026-07-08T16:35:06.249800+00:00,2026-07-08T16:41:26.134519+00:00,ok,,783.0,781.0,2.0,0.0025542784163473,21765.0,23999.0,25813.0,20814.0,2.22,,0.0737527114967462,217055232.0,0.0061003330047242,False,/Users/pavan-work/Desktop/projects/dissertation-chaos/gatling/target/gatling/ordersimulation-20260708163532529
retry__cascading_failure__08,retry,cascading_failure,8,2026-07-08T16:41:36.142756+00:00,2026-07-08T16:47:45.821119+00:00,ok,,780.0,779.0,1.0,0.0012820512820512,21950.0,23840.0,25797.0,20876.0,2.22,,0.0235383447228549,216006656.0,0.0569326250115409,False,/Users/pavan-work/Desktop/projects/dissertation-chaos/gatling/target/gatling/ordersimulation-20260708164152118
retry__cascading_failure__09,retry,cascading_failure,9,2026-07-08T16:47:55.839024+00:00,2026-07-08T16:54:14.727774+00:00,ok,,788.0,788.0,0.0,0.0,21745.0,23586.0,25403.0,20699.0,2.24,,0.0583439490445859,217055232.0,0.0300437090045306,False,/Users/pavan-work/Desktop/projects/dissertation-chaos/gatling/target/gatling/ordersimulation-20260708164819632
retry__cascading_failure__10,retry,cascading_failure,10,2026-07-08T16:54:24.740250+00:00,2026-07-08T17:00:33.210262+00:00,ok,,793.0,792.0,1.0,0.0012610340479192,21639.0,23375.0,25032.0,20521.0,2.25,,0.0392703318976437,214958080.0,0.0093617080128751,False,/Users/pavan-work/Desktop/projects/dissertation-chaos/gatling/target/gatling/ordersimulation-20260708165440413
retry__cascading_failure__11,retry,cascading_failure,11,2026-07-08T17:00:43.213883+00:00,2026-07-08T17:07:00.975179+00:00,ok,,786.0,785.0,1.0,0.0012722646310432,21841.0,23464.0,25363.0,20726.0,2.23,,0.0179349218549833,212860928.0,0.0476480000070296,False,/Users/pavan-work/Desktop/projects/dissertation-chaos/gatling/target/gatling/ordersimulation-20260708170105752
retry__cascading_failure__12,retry,cascading_failure,12,2026-07-08T17:07:10.981462+00:00,2026-07-08T17:13:21.772721+00:00,ok,,788.0,788.0,0.0,0.0,21774.0,23201.0,24990.0,20701.0,2.23,,0.0152061855670103,217055232.0,0.0759132500097621,False,/Users/pavan-work/Desktop/projects/dissertation-chaos/gatling/target/gatling/ordersimulation-20260708170727351
retry__cascading_failure__13,retry,cascading_failure,13,2026-07-08T17:13:31.786167+00:00,2026-07-08T17:19:47.993197+00:00,ok,,778.0,778.0,0.0,0.0,21950.0,23614.0,25249.0,20943.0,2.2,,0.0368937816126152,213909504.0,0.0060614589892793,False,/Users/pavan-work/Desktop/projects/dissertation-chaos/gatling/target/gatling/ordersimulation-20260708171354043
retry__cascading_failure__14,retry,cascading_failure,14,2026-07-08T17:19:58.002443+00:00,2026-07-08T17:26:08.605059+00:00,ok,,791.0,791.0,0.0,0.0,21733.0,23055.0,24754.0,20640.0,2.24,,0.0227330133872189,216006656.0,0.0340547499945387,False,/Users/pavan-work/Desktop/projects/dissertation-chaos/gatling/target/gatling/ordersimulation-20260708172013350
retry__cascading_failure__15,retry,cascading_failure,15,2026-07-08T17:26:18.630718+00:00,2026-07-08T17:32:44.692159+00:00,ok,,775.0,775.0,0.0,0.0,22095.0,24149.0,26241.0,21061.0,2.19,,0.0692051979449984,214958080.0,0.0655569999944418,False,/Users/pavan-work/Desktop/projects/dissertation-chaos/gatling/target/gatling/ordersimulation-20260708172648064
retry__cascading_failure__16,retry,cascading_failure,16,2026-07-08T17:32:54.707494+00:00,2026-07-08T17:39:13.143864+00:00,ok,,791.0,791.0,0.0,0.0,21759.0,22903.0,23990.0,20641.0,2.24,,0.0223918575063613,217055224.0,0.0061444160237442,False,/Users/pavan-work/Desktop/projects/dissertation-chaos/gatling/target/gatling/ordersimulation-20260708173318872
retry__cascading_failure__17,retry,cascading_failure,17,2026-07-08T17:39:23.147473+00:00,2026-07-08T17:45:36.089727+00:00,ok,,786.0,786.0,0.0,0.0,21768.0,22972.0,24526.0,20719.0,2.23,,0.0255754475703324,216006656.0,0.0052936249994672,False,/Users/pavan-work/Desktop/projects/dissertation-chaos/gatling/target/gatling/ordersimulation-20260708173942321
retry__cascading_failure__18,retry,cascading_failure,18,2026-07-08T17:45:46.101811+00:00,2026-07-08T17:51:53.443593+00:00,ok,,788.0,788.0,0.0,0.0,21847.0,23426.0,25824.0,20703.0,2.23,,0.0180405913304936,212860928.0,0.0061849170015193,False,/Users/pavan-work/Desktop/projects/dissertation-chaos/gatling/target/gatling/ordersimulation-20260708174600239
retry__cascading_failure__19,retry,cascading_failure,19,2026-07-08T17:52:03.456398+00:00,2026-07-08T17:58:10.736400+00:00,ok,,793.0,793.0,0.0,0.0,21724.0,23125.0,24523.0,20566.0,2.25,,0.0147021546261089,216006656.0,0.0129472499829716,False,/Users/pavan-work/Desktop/projects/dissertation-chaos/gatling/target/gatling/ordersimulation-20260708175217434
retry__cascading_failure__20,retry,cascading_failure,20,2026-07-08T17:58:20.748694+00:00,2026-07-08T18:04:30.496583+00:00,ok,,792.0,791.0,1.0,0.0012626262626262,21648.0,23140.0,24618.0,20560.0,2.25,,0.0442142496210207,213909504.0,0.0165154580026865,False,/Users/pavan-work/Desktop/projects/dissertation-chaos/gatling/target/gatling/ordersimulation-20260708175837864
combined__service_termination__01,combined,service_termination,1,2026-07-08T18:33:23.138428+00:00,2026-07-08T18:39:27.128133+00:00,ok,,1978.0,0.0,1978.0,1.0,7734.0,9693.0,12632.0,8066.0,5.85,,0.0852200457898753,60817408.0,20.201141583005665,True,/Users/pavan-work/Desktop/projects/dissertation-chaos/gatling/target/gatling/ordersimulation-20260708183328219
combined__service_termination__02,combined,service_termination,2,2026-07-08T18:39:37.143265+00:00,2026-07-08T18:45:41.769382+00:00,ok,,1973.0,0.0,1973.0,1.0,7707.0,9646.0,12576.0,8068.0,5.85,,0.0572687224669603,66060288.0,18.463006375008263,True,/Users/pavan-work/Desktop/projects/dissertation-chaos/gatling/target/gatling/ordersimulation-20260708183945263
combined__service_termination__03,combined,service_termination,3,2026-07-08T18:45:51.775886+00:00,2026-07-08T18:51:49.912603+00:00,ok,,2002.0,0.0,2002.0,1.0,7687.0,9472.0,12549.0,7956.0,5.94,,0.0616282018767435,65011712.0,16.006881082983455,True,/Users/pavan-work/Desktop/projects/dissertation-chaos/gatling/target/gatling/ordersimulation-20260708184556037
combined__service_termination__04,combined,service_termination,4,2026-07-08T18:51:59.923877+00:00,2026-07-08T18:58:00.936422+00:00,ok,,1998.0,0.0,1998.0,1.0,7659.0,9528.0,12556.0,7985.0,5.91,,0.0513278855975485,65011712.0,18.4301214159932,True,/Users/pavan-work/Desktop/projects/dissertation-chaos/gatling/target/gatling/ordersimulation-20260708185203781
combined__service_termination__05,combined,service_termination,5,2026-07-08T18:58:10.945082+00:00,2026-07-08T19:04:16.353331+00:00,ok,,1949.0,0.0,1949.0,1.0,7754.0,10489.0,12554.0,8192.0,5.77,,0.0423707440100882,67108864.0,18.127819666988216,True,/Users/pavan-work/Desktop/projects/dissertation-chaos/gatling/target/gatling/ordersimulation-20260708185819119
combined__service_termination__06,combined,service_termination,6,2026-07-08T19:04:26.367979+00:00,2026-07-08T19:10:26.614028+00:00,ok,,2005.0,0.0,2005.0,1.0,7669.0,9260.0,12553.0,7954.0,5.93,,0.0366069174450896,67108864.0,13.928439874987816,True,/Users/pavan-work/Desktop/projects/dissertation-chaos/gatling/target/gatling/ordersimulation-20260708190434254
combined__service_termination__07,combined,service_termination,7,2026-07-08T19:10:36.627209+00:00,2026-07-08T19:16:36.325664+00:00,ok,,2021.0,0.0,2021.0,1.0,7650.0,9183.0,12571.0,7884.0,6.0,,0.0463525835866261,67108864.0,18.04630937500042,True,/Users/pavan-work/Desktop/projects/dissertation-chaos/gatling/target/gatling/ordersimulation-20260708191040331
combined__service_termination__08,combined,service_termination,8,2026-07-08T19:16:46.338277+00:00,2026-07-08T19:22:46.762510+00:00,ok,,1989.0,0.0,1989.0,1.0,7719.0,9846.0,12556.0,8006.0,5.88,,0.0251193167545842,67108864.0,17.37716937501682,True,/Users/pavan-work/Desktop/projects/dissertation-chaos/gatling/target/gatling/ordersimulation-20260708191650326
combined__service_termination__09,combined,service_termination,9,2026-07-08T19:22:56.778027+00:00,2026-07-08T19:29:00.804065+00:00,ok,,1955.0,0.0,1955.0,1.0,7819.0,10243.0,12555.0,8150.0,5.8,,0.033375156838143,67108864.0,18.05586062499788,True,/Users/pavan-work/Desktop/projects/dissertation-chaos/gatling/target/gatling/ordersimulation-20260708192304646
combined__service_termination__10,combined,service_termination,10,2026-07-08T19:29:10.817989+00:00,2026-07-08T19:35:11.292331+00:00,ok,,1976.0,0.0,1976.0,1.0,7683.0,10477.0,12570.0,8077.0,5.85,,0.0349949647532729,67108864.0,13.89448279098724,True,/Users/pavan-work/Desktop/projects/dissertation-chaos/gatling/target/gatling/ordersimulation-20260708192918737
combined__service_termination__11,combined,service_termination,11,2026-07-08T19:35:21.297433+00:00,2026-07-08T19:41:21.569887+00:00,ok,,1979.0,0.0,1979.0,1.0,7701.0,10090.0,12553.0,8062.0,5.86,,0.0394238059135708,65011712.0,18.141243499994744,True,/Users/pavan-work/Desktop/projects/dissertation-chaos/gatling/target/gatling/ordersimulation-20260708193525009
combined__service_termination__12,combined,service_termination,12,2026-07-08T19:41:31.578814+00:00,2026-07-08T19:47:31.393243+00:00,ok,,1981.0,0.0,1981.0,1.0,7703.0,10080.0,12877.0,8030.0,5.88,,0.0281407035175879,66060288.0,17.89893724999274,True,/Users/pavan-work/Desktop/projects/dissertation-chaos/gatling/target/gatling/ordersimulation-20260708194135649
combined__service_termination__13,combined,service_termination,13,2026-07-08T19:47:41.406025+00:00,2026-07-08T19:53:45.780939+00:00,ok,,1981.0,0.0,1981.0,1.0,7676.0,10337.0,12561.0,8057.0,5.86,,0.0375064666321779,76546048.0,16.987141749996226,True,/Users/pavan-work/Desktop/projects/dissertation-chaos/gatling/target/gatling/ordersimulation-20260708194749858
combined__service_termination__14,combined,service_termination,14,2026-07-08T19:53:55.795102+00:00,2026-07-08T20:00:01.698239+00:00,ok,,1976.0,0.0,1976.0,1.0,7687.0,10373.0,12576.0,8064.0,5.85,,0.0346472508159678,69206016.0,18.05056129200966,True,/Users/pavan-work/Desktop/projects/dissertation-chaos/gatling/target/gatling/ordersimulation-20260708195404736
combined__service_termination__15,combined,service_termination,15,2026-07-08T20:00:11.703698+00:00,2026-07-08T20:06:06.456564+00:00,ok,,2030.0,0.0,2030.0,1.0,7623.0,9414.0,12567.0,7858.0,6.01,,0.0326417004048582,69206016.0,12.018967167008668,True,/Users/pavan-work/Desktop/projects/dissertation-chaos/gatling/target/gatling/ordersimulation-20260708200015758
combined__service_termination__16,combined,service_termination,16,2026-07-08T20:06:16.467944+00:00,2026-07-08T20:12:15.695942+00:00,ok,,1990.0,0.0,1990.0,1.0,7679.0,9507.0,12599.0,8019.0,5.89,,0.0343260979303382,84934656.0,16.046614624996437,True,/Users/pavan-work/Desktop/projects/dissertation-chaos/gatling/target/gatling/ordersimulation-20260708200620477
combined__service_termination__17,combined,service_termination,17,2026-07-08T20:12:25.705228+00:00,2026-07-08T20:18:40.120825+00:00,ok,,1982.0,0.0,1982.0,1.0,7749.0,9645.0,12625.0,8045.0,5.85,,0.0732522071104748,88080384.0,17.89693029198679,True,/Users/pavan-work/Desktop/projects/dissertation-chaos/gatling/target/gatling/ordersimulation-20260708201240403
combined__service_termination__18,combined,service_termination,18,2026-07-08T20:18:50.137959+00:00,2026-07-08T20:25:06.535229+00:00,ok,,1978.0,0.0,1978.0,1.0,7807.0,9508.0,12643.0,8066.0,5.85,,0.0998547567175018,83886080.0,16.030452459002845,True,/Users/pavan-work/Desktop/projects/dissertation-chaos/gatling/target/gatling/ordersimulation-20260708201910396
combined__service_termination__19,combined,service_termination,19,2026-07-08T20:25:16.548274+00:00,2026-07-08T20:31:15.931090+00:00,ok,,2020.0,0.0,2020.0,1.0,7668.0,9311.0,13368.0,7882.0,5.98,,0.0812515158864904,85983232.0,14.866101750027156,True,/Users/pavan-work/Desktop/projects/dissertation-chaos/gatling/target/gatling/ordersimulation-20260708202522226
combined__service_termination__20,combined,service_termination,20,2026-07-08T20:31:25.949189+00:00,2026-07-08T20:37:40.654793+00:00,ok,,1980.0,0.0,1980.0,1.0,7716.0,10414.0,12597.0,8055.0,5.86,,0.0514091858037578,87031808.0,19.355898292007623,True,/Users/pavan-work/Desktop/projects/dissertation-chaos/gatling/target/gatling/ordersimulation-20260708203140348
combined__latency_injection__01,combined,latency_injection,1,2026-07-08T20:37:50.668730+00:00,2026-07-08T20:44:01.147712+00:00,ok,,877.0,679.0,198.0,0.2257696693272519,21517.0,24750.0,27359.0,18648.0,2.48,,0.147964509394572,89128960.0,0.0108580829983111,False,/Users/pavan-work/Desktop/projects/dissertation-chaos/gatling/target/gatling/ordersimulation-20260708203805668
combined__latency_injection__02,combined,latency_injection,2,2026-07-08T20:44:11.160708+00:00,2026-07-08T20:50:12.325314+00:00,ok,,766.0,766.0,0.0,0.0,22185.0,25461.0,27688.0,21275.0,2.16,,0.0505967825635703,87031808.0,0.008004458999494,False,/Users/pavan-work/Desktop/projects/dissertation-chaos/gatling/target/gatling/ordersimulation-20260708204416516
combined__latency_injection__03,combined,latency_injection,3,2026-07-08T20:50:22.338513+00:00,2026-07-08T20:56:23.514810+00:00,ok,,775.0,774.0,1.0,0.0012903225806451,22151.0,24420.0,26497.0,21091.0,2.19,,0.0723901447802895,87031808.0,0.0452400420035701,False,/Users/pavan-work/Desktop/projects/dissertation-chaos/gatling/target/gatling/ordersimulation-20260708205027706
combined__latency_injection__04,combined,latency_injection,4,2026-07-08T20:56:33.528603+00:00,2026-07-08T21:02:51.654106+00:00,ok,,764.0,763.0,1.0,0.0013089005235602,22203.0,24953.0,27044.0,21340.0,2.16,,0.0487618075057441,84934656.0,0.0453204999794252,False,/Users/pavan-work/Desktop/projects/dissertation-chaos/gatling/target/gatling/ordersimulation-20260708205655411
combined__latency_injection__05,combined,latency_injection,5,2026-07-08T21:03:01.669765+00:00,2026-07-08T21:11:45.407515+00:00,ok,,764.0,763.0,1.0,0.0013089005235602,22218.0,25591.0,27127.0,21370.0,2.15,,0.2234141791044776,85983232.0,0.0306877080001868,False,/Users/pavan-work/Desktop/projects/dissertation-chaos/gatling/target/gatling/ordersimulation-20260708210322271
combined__latency_injection__06,combined,latency_injection,6,2026-07-08T21:11:55.435770+00:00,2026-07-08T21:18:18.768730+00:00,ok,,785.0,785.0,0.0,0.0,21892.0,23245.0,25070.0,20760.0,2.24,,0.051511758118701,85983232.0,0.0118848330166656,False,/Users/pavan-work/Desktop/projects/dissertation-chaos/gatling/target/gatling/ordersimulation-20260708211225229
combined__latency_injection__07,combined,latency_injection,7,2026-07-08T21:18:28.777036+00:00,2026-07-08T21:24:29.784589+00:00,ok,,769.0,768.0,1.0,0.0013003901170351,22243.0,24513.0,26490.0,21223.0,2.18,,0.0389204545454545,87031808.0,0.0150489170046057,False,/Users/pavan-work/Desktop/projects/dissertation-chaos/gatling/target/gatling/ordersimulation-20260708211836916
combined__latency_injection__08,combined,latency_injection,8,2026-07-08T21:24:39.792669+00:00,2026-07-08T21:30:39.429145+00:00,ok,,793.0,793.0,0.0,0.0,21715.0,23052.0,24593.0,20562.0,2.23,,0.0164182874463248,87031808.0,0.0143742499931249,False,/Users/pavan-work/Desktop/projects/dissertation-chaos/gatling/target/gatling/ordersimulation-20260708212443882
combined__latency_injection__09,combined,latency_injection,9,2026-07-08T21:30:49.440054+00:00,2026-07-08T21:36:49.507960+00:00,ok,,783.0,782.0,1.0,0.0012771392081736,22035.0,23508.0,25667.0,20801.0,2.22,,0.0287733467945482,87031808.0,0.0100657499860972,False,/Users/pavan-work/Desktop/projects/dissertation-chaos/gatling/target/gatling/ordersimulation-20260708213057151
combined__latency_injection__10,combined,latency_injection,10,2026-07-08T21:36:59.513045+00:00,2026-07-08T21:42:56.290911+00:00,ok,,799.0,799.0,0.0,0.0,21540.0,22933.0,24470.0,20403.0,2.28,,0.0199243379571248,83886080.0,0.0343568339885678,False,/Users/pavan-work/Desktop/projects/dissertation-chaos/gatling/target/gatling/ordersimulation-20260708213703459
combined__latency_injection__11,combined,latency_injection,11,2026-07-08T21:43:06.345261+00:00,2026-07-08T21:49:10.090696+00:00,ok,,793.0,793.0,0.0,0.0,21718.0,23206.0,24613.0,20560.0,2.25,,0.0216471759144065,87031808.0,0.004970250010956,False,/Users/pavan-work/Desktop/projects/dissertation-chaos/gatling/target/gatling/ordersimulation-20260708214316791
combined__latency_injection__12,combined,latency_injection,12,2026-07-08T21:49:20.100589+00:00,2026-07-08T21:55:24.166252+00:00,ok,,790.0,790.0,0.0,0.0,21752.0,23206.0,24677.0,20634.0,2.24,,0.0258599045945267,87031808.0,0.0045775839826092,False,/Users/pavan-work/Desktop/projects/dissertation-chaos/gatling/target/gatling/ordersimulation-20260708214930680
combined__latency_injection__13,combined,latency_injection,13,2026-07-08T21:55:34.173355+00:00,2026-07-08T22:01:30.592391+00:00,ok,,789.0,789.0,0.0,0.0,21792.0,23291.0,24805.0,20638.0,2.24,,0.0157280568239472,88080384.0,0.0305473339976742,False,/Users/pavan-work/Desktop/projects/dissertation-chaos/gatling/target/gatling/ordersimulation-20260708215537840
combined__latency_injection__14,combined,latency_injection,14,2026-07-08T22:01:40.599650+00:00,2026-07-08T22:07:41.274358+00:00,ok,,792.0,792.0,0.0,0.0,21717.0,22826.0,24046.0,20562.0,2.25,,0.015652612976521,87031808.0,0.026902291981969,False,/Users/pavan-work/Desktop/projects/dissertation-chaos/gatling/target/gatling/ordersimulation-20260708220148400
combined__latency_injection__15,combined,latency_injection,15,2026-07-08T22:07:51.287812+00:00,2026-07-08T22:13:52.057677+00:00,ok,,799.0,799.0,0.0,0.0,21505.0,22764.0,23873.0,20384.0,2.27,,0.0126646403242147,85983232.0,0.004911208001431,False,/Users/pavan-work/Desktop/projects/dissertation-chaos/gatling/target/gatling/ordersimulation-20260708220801412
combined__latency_injection__16,combined,latency_injection,16,2026-07-08T22:14:02.065608+00:00,2026-07-08T22:19:57.888749+00:00,ok,,787.0,787.0,0.0,0.0,21755.0,23251.0,24874.0,20655.0,2.24,,0.0149140546006066,85983232.0,0.0094371250015683,False,/Users/pavan-work/Desktop/projects/dissertation-chaos/gatling/target/gatling/ordersimulation-20260708221405818
combined__latency_injection__17,combined,latency_injection,17,2026-07-08T22:20:07.897447+00:00,2026-07-08T22:26:05.966837+00:00,ok,,794.0,794.0,0.0,0.0,21685.0,23425.0,24592.0,20596.0,2.25,,0.0354978354978355,87031808.0,0.0334602920047473,False,/Users/pavan-work/Desktop/projects/dissertation-chaos/gatling/target/gatling/ordersimulation-20260708222011664
combined__latency_injection__18,combined,latency_injection,18,2026-07-08T22:26:15.975971+00:00,2026-07-08T22:32:22.223342+00:00,ok,,780.0,780.0,0.0,0.0,22027.0,23673.0,25399.0,20896.0,2.21,,0.0251332825590251,88080384.0,0.0095089169917628,False,/Users/pavan-work/Desktop/projects/dissertation-chaos/gatling/target/gatling/ordersimulation-20260708222628048
combined__latency_injection__19,combined,latency_injection,19,2026-07-08T22:32:32.231831+00:00,2026-07-08T22:38:30.942504+00:00,ok,,792.0,792.0,0.0,0.0,21727.0,23173.0,24603.0,20577.0,2.25,,0.0299465240641711,87031808.0,0.0164261250174604,False,/Users/pavan-work/Desktop/projects/dissertation-chaos/gatling/target/gatling/ordersimulation-20260708223237491
combined__latency_injection__20,combined,latency_injection,20,2026-07-08T22:38:40.950965+00:00,2026-07-08T22:44:49.531496+00:00,ok,,790.0,790.0,0.0,0.0,21770.0,23176.0,24595.0,20688.0,2.23,,0.030404534913682,87031808.0,0.0197289169882424,False,/Users/pavan-work/Desktop/projects/dissertation-chaos/gatling/target/gatling/ordersimulation-20260708223852752
combined__partial_failure__01,combined,partial_failure,1,2026-07-08T22:44:59.545474+00:00,2026-07-08T22:50:49.570633+00:00,ok,,1483.0,1483.0,0.0,0.0,11104.0,12676.0,15000.0,10803.0,4.35,,0.0343021733438072,87031808.0,0.0093647920002695,False,/Users/pavan-work/Desktop/projects/dissertation-chaos/gatling/target/gatling/ordersimulation-20260708224507330
combined__partial_failure__02,combined,partial_failure,2,2026-07-08T22:50:59.574674+00:00,2026-07-08T22:56:50.140673+00:00,ok,,1452.0,1452.0,0.0,0.0,11419.0,13130.0,15212.0,11051.0,4.22,,0.0274858528698464,87031808.0,0.0257765420246869,False,/Users/pavan-work/Desktop/projects/dissertation-chaos/gatling/target/gatling/ordersimulation-20260708225105322
combined__partial_failure__03,combined,partial_failure,3,2026-07-08T22:57:00.150915+00:00,2026-07-08T23:02:57.124720+00:00,ok,,1466.0,1466.0,0.0,0.0,11259.0,12615.0,14863.0,10936.0,4.26,,0.0274559193954659,85983232.0,0.0080036250001285,False,/Users/pavan-work/Desktop/projects/dissertation-chaos/gatling/target/gatling/ordersimulation-20260708225711860
combined__partial_failure__04,combined,partial_failure,4,2026-07-08T23:03:07.133274+00:00,2026-07-08T23:08:55.192748+00:00,ok,,1451.0,1451.0,0.0,0.0,11335.0,13574.0,15432.0,11054.0,4.26,,0.0293277965221905,87031808.0,0.0122628330136649,False,/Users/pavan-work/Desktop/projects/dissertation-chaos/gatling/target/gatling/ordersimulation-20260708230312945
combined__partial_failure__05,combined,partial_failure,5,2026-07-08T23:09:05.202642+00:00,2026-07-08T23:15:05.977098+00:00,ok,,1484.0,1484.0,0.0,0.0,11155.0,12727.0,14492.0,10799.0,4.33,,0.0294827124095416,85983232.0,0.0412212910014204,False,/Users/pavan-work/Desktop/projects/dissertation-chaos/gatling/target/gatling/ordersimulation-20260708230918420
combined__partial_failure__06,combined,partial_failure,6,2026-07-08T23:15:15.985555+00:00,2026-07-08T23:21:10.708362+00:00,ok,,1480.0,1480.0,0.0,0.0,11164.0,12977.0,14378.0,10833.0,4.34,,0.023273463192512,88080384.0,0.0081941249954979,False,/Users/pavan-work/Desktop/projects/dissertation-chaos/gatling/target/gatling/ordersimulation-20260708231528209
combined__partial_failure__07,combined,partial_failure,7,2026-07-08T23:21:20.721436+00:00,2026-07-08T23:27:10.029198+00:00,ok,,1500.0,1500.0,0.0,0.0,11117.0,12296.0,14197.0,10707.0,4.39,,0.0232499368208238,87031808.0,0.022390833008103,False,/Users/pavan-work/Desktop/projects/dissertation-chaos/gatling/target/gatling/ordersimulation-20260708232125918
combined__partial_failure__08,combined,partial_failure,8,2026-07-08T23:27:20.048017+00:00,2026-07-08T23:33:18.751465+00:00,ok,,1489.0,1489.0,0.0,0.0,11139.0,12453.0,14493.0,10784.0,4.32,,0.0298165137614678,87031808.0,0.0117183749971445,False,/Users/pavan-work/Desktop/projects/dissertation-chaos/gatling/target/gatling/ordersimulation-20260708232732593
combined__partial_failure__09,combined,partial_failure,9,2026-07-08T23:33:28.764820+00:00,2026-07-08T23:39:17.363398+00:00,ok,,1482.0,1482.0,0.0,0.0,11199.0,12925.0,15086.0,10821.0,4.33,,0.0260403369925963,84934656.0,0.0308501249819528,False,/Users/pavan-work/Desktop/projects/dissertation-chaos/gatling/target/gatling/ordersimulation-20260708233333951
combined__partial_failure__10,combined,partial_failure,10,2026-07-08T23:39:27.382253+00:00,2026-07-08T23:45:25.660976+00:00,ok,,1464.0,1464.0,0.0,0.0,11275.0,13008.0,14810.0,10972.0,4.28,,0.0331561629967097,87031808.0,0.0280600410187616,False,/Users/pavan-work/Desktop/projects/dissertation-chaos/gatling/target/gatling/ordersimulation-20260708233941774
combined__partial_failure__11,combined,partial_failure,11,2026-07-08T23:45:35.764299+00:00,2026-07-08T23:51:25.385395+00:00,ok,,1462.0,1462.0,0.0,0.0,11273.0,13207.0,15219.0,10975.0,4.27,,0.01880081300813,88080384.0,0.0096950830193236,False,/Users/pavan-work/Desktop/projects/dissertation-chaos/gatling/target/gatling/ordersimulation-20260708234542879
combined__partial_failure__12,combined,partial_failure,12,2026-07-08T23:51:35.394055+00:00,2026-07-08T23:57:24.779302+00:00,ok,,1459.0,1459.0,0.0,0.0,11325.0,13262.0,15146.0,10990.0,4.27,,0.0241545893719806,84934656.0,0.0439901670033577,False,/Users/pavan-work/Desktop/projects/dissertation-chaos/gatling/target/gatling/ordersimulation-20260708235141510
combined__partial_failure__13,combined,partial_failure,13,2026-07-08T23:57:34.792340+00:00,2026-07-09T00:03:30.930614+00:00,ok,,1470.0,1405.0,65.0,0.0442176870748299,11148.0,13448.0,15374.0,10911.0,4.3,,0.0924344112263575,87031808.0,0.0172832499956712,False,/Users/pavan-work/Desktop/projects/dissertation-chaos/gatling/target/gatling/ordersimulation-20260708235747181
combined__partial_failure__14,combined,partial_failure,14,2026-07-09T00:03:40.942271+00:00,2026-07-09T00:09:29.186353+00:00,ok,,1459.0,1459.0,0.0,0.0,11332.0,13259.0,14955.0,10996.0,4.27,,0.044382801664355,87031808.0,0.0055951249960344,False,/Users/pavan-work/Desktop/projects/dissertation-chaos/gatling/target/gatling/ordersimulation-20260709000346573
combined__partial_failure__15,combined,partial_failure,15,2026-07-09T00:09:39.194566+00:00,2026-07-09T00:15:28.852076+00:00,ok,,1495.0,1495.0,0.0,0.0,11059.0,12776.0,14727.0,10729.0,4.37,,0.0241895261845386,87031808.0,0.0242670840234495,False,/Users/pavan-work/Desktop/projects/dissertation-chaos/gatling/target/gatling/ordersimulation-20260709000945370
combined__partial_failure__16,combined,partial_failure,16,2026-07-09T00:15:38.871897+00:00,2026-07-09T00:21:37.662669+00:00,ok,,1487.0,1487.0,0.0,0.0,11114.0,12754.0,14475.0,10775.0,4.36,,0.0398066533977822,87031808.0,0.004905540990876,False,/Users/pavan-work/Desktop/projects/dissertation-chaos/gatling/target/gatling/ordersimulation-20260709001554661
combined__partial_failure__17,combined,partial_failure,17,2026-07-09T00:21:47.671318+00:00,2026-07-09T00:27:35.182327+00:00,ok,,1504.0,1437.0,67.0,0.0445478723404255,11076.0,12749.0,14647.0,10660.0,4.41,,0.0258942872397223,85983232.0,0.0456639170006383,False,/Users/pavan-work/Desktop/projects/dissertation-chaos/gatling/target/gatling/ordersimulation-20260709002152474
combined__partial_failure__18,combined,partial_failure,18,2026-07-09T00:27:45.198068+00:00,2026-07-09T00:33:45.747268+00:00,ok,,1464.0,1464.0,0.0,0.0,11292.0,13042.0,14837.0,10947.0,4.28,,0.0320773930753564,84934656.0,0.017056374985259,False,/Users/pavan-work/Desktop/projects/dissertation-chaos/gatling/target/gatling/ordersimulation-20260709002802454
combined__partial_failure__19,combined,partial_failure,19,2026-07-09T00:33:55.756796+00:00,2026-07-09T00:39:46.173091+00:00,ok,,1494.0,1494.0,0.0,0.0,11150.0,12526.0,14234.0,10748.0,4.34,,0.0196028513238289,87031808.0,0.007189041993115,False,/Users/pavan-work/Desktop/projects/dissertation-chaos/gatling/target/gatling/ordersimulation-20260709003402136
combined__partial_failure__20,combined,partial_failure,20,2026-07-09T00:39:56.181666+00:00,2026-07-09T00:45:43.029039+00:00,ok,,1487.0,1487.0,0.0,0.0,11138.0,12342.0,14435.0,10771.0,4.36,,0.0161892901618929,87031808.0,0.0126984159869607,False,/Users/pavan-work/Desktop/projects/dissertation-chaos/gatling/target/gatling/ordersimulation-20260709004000401
combined__cascading_failure__01,combined,cascading_failure,1,2026-07-09T00:45:53.037057+00:00,2026-07-09T00:52:01.686679+00:00,ok,,787.0,787.0,0.0,0.0,21857.0,23571.0,25347.0,20739.0,2.24,,0.02803738317757,87031808.0,0.0302125829912256,False,/Users/pavan-work/Desktop/projects/dissertation-chaos/gatling/target/gatling/ordersimulation-20260709004608174
combined__cascading_failure__02,combined,cascading_failure,2,2026-07-09T00:52:11.698894+00:00,2026-07-09T00:58:27.833875+00:00,ok,,780.0,779.0,1.0,0.0012820512820512,21949.0,23627.0,25713.0,20855.0,2.22,,0.0179066834804539,85983232.0,0.009698500012746,False,/Users/pavan-work/Desktop/projects/dissertation-chaos/gatling/target/gatling/ordersimulation-20260709005234509
combined__cascading_failure__03,combined,cascading_failure,3,2026-07-09T00:58:37.847088+00:00,2026-07-09T01:04:47.492348+00:00,ok,,788.0,787.0,1.0,0.0012690355329949,21789.0,23702.0,25810.0,20723.0,2.23,,0.0160844433274692,87031808.0,0.0327285410021431,False,/Users/pavan-work/Desktop/projects/dissertation-chaos/gatling/target/gatling/ordersimulation-20260709005853178
combined__cascading_failure__04,combined,cascading_failure,4,2026-07-09T01:04:57.499669+00:00,2026-07-09T01:11:13.649648+00:00,ok,,790.0,789.0,1.0,0.0012658227848101,21809.0,22979.0,23834.0,20623.0,2.24,,0.0175350701402805,87031808.0,0.0048660419997759,False,/Users/pavan-work/Desktop/projects/dissertation-chaos/gatling/target/gatling/ordersimulation-20260709010519228
combined__cascading_failure__05,combined,cascading_failure,5,2026-07-09T01:11:23.662592+00:00,2026-07-09T01:17:32.728027+00:00,ok,,789.0,789.0,0.0,0.0,21842.0,23635.0,24904.0,20686.0,2.24,,0.0249687890137328,87031808.0,0.0245564579963684,False,/Users/pavan-work/Desktop/projects/dissertation-chaos/gatling/target/gatling/ordersimulation-20260709011138846
combined__cascading_failure__06,combined,cascading_failure,6,2026-07-09T01:17:42.743116+00:00,2026-07-09T01:23:59.526127+00:00,ok,,783.0,783.0,0.0,0.0,21801.0,23466.0,25170.0,20804.0,2.22,,0.0207227697750821,88080384.0,0.009584832994733,False,/Users/pavan-work/Desktop/projects/dissertation-chaos/gatling/target/gatling/ordersimulation-20260709011805710
combined__cascading_failure__07,combined,cascading_failure,7,2026-07-09T01:24:09.539177+00:00,2026-07-09T01:30:18.313810+00:00,ok,,788.0,787.0,1.0,0.0012690355329949,21799.0,23400.0,25592.0,20671.0,2.24,,0.0309566099974625,84934656.0,0.0298469580011442,False,/Users/pavan-work/Desktop/projects/dissertation-chaos/gatling/target/gatling/ordersimulation-20260709012424884
combined__cascading_failure__08,combined,cascading_failure,8,2026-07-09T01:30:28.326955+00:00,2026-07-09T01:36:43.606804+00:00,ok,,786.0,786.0,0.0,0.0,21855.0,23211.0,25205.0,20798.0,2.23,,0.0183349851337958,87031808.0,0.0078515830100514,False,/Users/pavan-work/Desktop/projects/dissertation-chaos/gatling/target/gatling/ordersimulation-20260709013049621
combined__cascading_failure__09,combined,cascading_failure,9,2026-07-09T01:36:53.619548+00:00,2026-07-09T01:43:04.150704+00:00,ok,,792.0,790.0,2.0,0.0025252525252525,21722.0,23069.0,24834.0,20583.0,2.24,,0.022973996465539,88080384.0,0.022941749979509,False,/Users/pavan-work/Desktop/projects/dissertation-chaos/gatling/target/gatling/ordersimulation-20260709013708660
combined__cascading_failure__10,combined,cascading_failure,10,2026-07-09T01:43:14.164188+00:00,2026-07-09T01:49:30.281578+00:00,ok,,791.0,791.0,0.0,0.0,21695.0,23245.0,24595.0,20625.0,2.25,,0.0212981744421906,85983232.0,0.0100727090029977,False,/Users/pavan-work/Desktop/projects/dissertation-chaos/gatling/target/gatling/ordersimulation-20260709014336558
combined__cascading_failure__11,combined,cascading_failure,11,2026-07-09T01:49:40.294963+00:00,2026-07-09T01:55:51.827464+00:00,ok,,786.0,785.0,1.0,0.0012722646310432,21848.0,23280.0,25082.0,20721.0,2.23,,0.0257640818388481,87031808.0,0.0388954159861896,False,/Users/pavan-work/Desktop/projects/dissertation-chaos/gatling/target/gatling/ordersimulation-20260709014957688
combined__cascading_failure__12,combined,cascading_failure,12,2026-07-09T01:56:01.843981+00:00,2026-07-09T02:02:12.068270+00:00,ok,,789.0,789.0,0.0,0.0,21773.0,23325.0,24408.0,20653.0,2.25,,0.0171543895055499,88080384.0,0.0130345420038793,False,/Users/pavan-work/Desktop/projects/dissertation-chaos/gatling/target/gatling/ordersimulation-20260709015619886
combined__cascading_failure__13,combined,cascading_failure,13,2026-07-09T02:02:22.081220+00:00,2026-07-09T02:08:36.397691+00:00,ok,,780.0,780.0,0.0,0.0,21974.0,23993.0,25596.0,20918.0,2.22,,0.023244062657908,85983232.0,0.0155356670147739,False,/Users/pavan-work/Desktop/projects/dissertation-chaos/gatling/target/gatling/ordersimulation-20260709020242934
combined__cascading_failure__14,combined,cascading_failure,14,2026-07-09T02:08:46.414907+00:00,2026-07-09T02:14:56.111551+00:00,ok,,786.0,785.0,1.0,0.0012722646310432,21781.0,23475.0,25015.0,20711.0,2.23,,0.0156677443422034,87031808.0,0.0258347089984454,False,/Users/pavan-work/Desktop/projects/dissertation-chaos/gatling/target/gatling/ordersimulation-20260709020902804
combined__cascading_failure__15,combined,cascading_failure,15,2026-07-09T02:15:06.126892+00:00,2026-07-09T02:21:24.975944+00:00,ok,,778.0,778.0,0.0,0.0,22161.0,23719.0,25478.0,20968.0,2.2,,0.04675597583399,87031808.0,0.017609792004805,False,/Users/pavan-work/Desktop/projects/dissertation-chaos/gatling/target/gatling/ordersimulation-20260709021530022
combined__cascading_failure__16,combined,cascading_failure,16,2026-07-09T02:21:34.986231+00:00,2026-07-09T02:27:48.689278+00:00,ok,,790.0,789.0,1.0,0.0012658227848101,21808.0,23075.0,24890.0,20624.0,2.24,,0.0243538767395626,87031808.0,0.0093760830059181,False,/Users/pavan-work/Desktop/projects/dissertation-chaos/gatling/target/gatling/ordersimulation-20260709022156265
combined__cascading_failure__17,combined,cascading_failure,17,2026-07-09T02:27:58.696895+00:00,2026-07-09T02:34:07.473969+00:00,ok,,785.0,784.0,1.0,0.0012738853503184,21805.0,23649.0,25002.0,20736.0,2.23,,0.0477645098583726,87031808.0,0.0303461659932509,False,/Users/pavan-work/Desktop/projects/dissertation-chaos/gatling/target/gatling/ordersimulation-20260709022813898
combined__cascading_failure__18,combined,cascading_failure,18,2026-07-09T02:34:17.492524+00:00,2026-07-09T02:40:35.392374+00:00,ok,,789.0,787.0,2.0,0.0025348542458808,21820.0,23284.0,24781.0,20658.0,2.24,,0.037997432605905,88080384.0,0.0072341250197496,False,/Users/pavan-work/Desktop/projects/dissertation-chaos/gatling/target/gatling/ordersimulation-20260709023441770
combined__cascading_failure__19,combined,cascading_failure,19,2026-07-09T02:40:45.400574+00:00,2026-07-09T02:46:53.071788+00:00,ok,,792.0,791.0,1.0,0.0012626262626262,21717.0,22983.0,24537.0,20579.0,2.25,,0.0352878747678429,88080384.0,0.009778666018974,False,/Users/pavan-work/Desktop/projects/dissertation-chaos/gatling/target/gatling/ordersimulation-20260709024100719
combined__cascading_failure__20,combined,cascading_failure,20,2026-07-09T02:47:03.081381+00:00,2026-07-09T02:53:21.671203+00:00,ok,,782.0,782.0,0.0,0.0,21879.0,23924.0,25665.0,20871.0,2.21,,0.0343218012081274,87031808.0,0.0271417079784441,False,/Users/pavan-work/Desktop/projects/dissertation-chaos/gatling/target/gatling/ordersimulation-20260709024725910
circuit-breaker__partial_failure__03,circuit-breaker,partial_failure,3,2026-07-09T03:23:47.119631+00:00,2026-07-09T03:30:06.367131+00:00,ok,,93588.0,45.0,93543.0,0.9995191691242468,80.0,637.0,1369.0,168.0,281.89,,0.8506576156130674,184549376.0,27.26061466700048,True,/Users/pavan-work/Desktop/projects/dissertation-chaos/gatling/target/gatling/ordersimulation-20260709032403084
circuit-breaker__partial_failure__07,circuit-breaker,partial_failure,7,2026-07-09T03:30:16.395641+00:00,2026-07-09T03:36:25.244357+00:00,ok,,35604.0,147.0,35457.0,0.995871250421301,206.0,1599.0,4037.0,442.0,107.56,1.0,0.5802219979818365,223346688.0,15.050273917004231,True,/Users/pavan-work/Desktop/projects/dissertation-chaos/gatling/target/gatling/ordersimulation-20260709033039530
